Код объекта,трассы,автомобильные мосты,Материал окон,Счетчик воды,гостевой паркинг,памятники архитектуры,культуры,пешеходные бульвары,Балкон,всего этажей,Серия,Стены,Адрес,Год постройки,Общая площадь,Высота потолков,Двор,Комнатность,подземный паркинг,Ремонт,цена
5757236,0,0,Пластиковые,есть,0,0,0,0,Есть балкон,5,Инд,Панельные,Древлянка,2017.0,30.6,2.5,открытый двор,1,0,Улучшенная черновая отделка,2390.0
5535905,0,0,Пластиковые,отсутствует,1,0,0,0,Нет балкона,5,Общ,Кирпичные,Голиковка,1979.0,18.0,2.55,открытый двор,1,0,Косметический ремонт,920.0
4644398,0,0,Пластиковые,есть,1,0,0,0,Есть балкон,5,Инд,Панельные,Древлянка,2021.0,57.83,2.7,закрытый двор,3,0,Улучшенная черновая отделка,3250.0
5667276,0,0,Пластиковые,есть,0,0,0,0,Лоджия,16,Инд,Монолитные,Ключевая,2016.0,41.2,2.7,открытый двор,2,0,Косметический ремонт,3590.0
4644417,0,0,Пластиковые,есть,1,0,0,0,Есть балкон,5,Инд,Панельные,Древлянка,2021.0,84.0,2.7,закрытый двор,4,0,Улучшенная черновая отделка,4500.0
3854655,0,0,Пластиковые,есть,0,0,0,0,Есть балкон,5,Инд,Панельные,Древлянка,2020.0,48.52,2.75,открытый двор,1,0,Улучшенная черновая отделка,2550.0
5757173,0,0,Пластиковые,есть,0,0,0,0,Есть балкон,5,Инд,Панельные,Октябрьский,1966.0,56.0,2.5,открытый двор,3,0,Косметический ремонт,3000.0
5103276,0,0,Пластиковые,есть,0,0,0,0,Есть балкон,5,Общ,Кирпичные,Перевалка,1983.0,18.0,2.5,открытый двор,1,0,Современный ремонт,800.0
5758058,0,0,Пластиковые,есть,1,0,0,0,Есть балкон,10,75 ,Панельные,Древлянка,1989.0,69.1,2.5,открытый двор,3,0,Современный ремонт,4700.0
4525390,0,0,Пластиковые,есть,0,0,0,0,Нет балкона,5,Инд,Блочные,Голиковка,1967.0,56.0,2.5,открытый двор,3,0,Частичный ремонт,2970.0
4469870,0,0,Пластиковые,есть,0,0,0,0,Есть балкон,5,Инд,Кирпичные,Сулажгора,2010.0,63.0,2.5,открытый двор,2,0,Косметический ремонт,4000.0
5760725,0,0,Деревянные,есть,0,0,0,0,Есть балкон,10,75 ,Панельные,Древлянка,1992.0,34.4,2.5,открытый двор,1,0,Частичный ремонт,2450.0
5553000,0,0,Пластиковые,есть,0,0,0,0,Есть балкон,9,Общ,Кирпичные,Ключевая,1980.0,18.0,2.5,открытый двор,1,0,Косметический ремонт,570.0
4265258,0,0,Пластиковые,есть,0,0,0,0,Есть балкон,9,75 ,Панельные,Древлянка,1987.0,65.2,2.5,открытый двор,3,0,Современный ремонт,4200.0
2987059,0,0,Пластиковые,отсутствует,0,0,0,0,Нет балкона,5,Общ,Кирпичные,Голиковка,1960.0,30.5,2.5,открытый двор,2,0,Косметический ремонт,1190.0
5759101,0,0,Пластиковые,есть,0,0,0,0,Есть балкон,9,Инд,Кирпичные,Первомайский,1983.0,34.0,2.5,открытый двор,1,0,Косметический ремонт,2700.0
3598170,0,0,Пластиковые,есть,0,0,0,0,Есть балкон,1,Инд,Деревянные,Первомайский,1992.0,36.0,2.5,открытый двор,2,0,Косметический ремонт,1999.0
5109065,0,0,Пластиковые,есть,0,0,0,0,Лоджия,5,Инд,Панельные,Ключевая,1991.0,49.6,2.5,открытый двор,2,0,Современный ремонт,3200.0
5758617,0,0,Пластиковые,есть,0,0,0,0,Есть балкон,12,Инд,Монолитные,Центр,2015.0,70.4,3.0,закрытый двор,3,1,Улучшенная черновая отделка,5500.0
5593171,0,0,Пластиковые,отсутствует,0,0,0,0,Нет балкона,4,Общ,Кирпичные,Центр,1966.0,12.0,2.5,открытый двор,1,0,Косметический ремонт,649.0
5751111,0,0,Пластиковые,есть,0,1,1,1,Нет балкона,5,Инд,Блочные,Голиковка,1969.0,58.1,2.5,открытый двор,3,0,Современный ремонт,4000.0
5760211,0,0,Пластиковые,есть,0,0,0,0,Есть балкон,3,Инд,Блочные,Древлянка,2017.0,29.0,2.5,открытый двор,1,0,Косметический ремонт,2350.0
3602019,0,0,Деревянные,есть,0,0,0,0,Есть балкон,5,Общ,Кирпичные,Голиковка,1982.0,17.8,2.5,открытый двор,1,0,Косметический ремонт,590.0
4522037,0,0,Пластиковые,есть,0,0,0,0,Нет балкона,5,Общ,Кирпичные,Зарека,1972.0,16.9,2.5,открытый двор,1,0,Косметический ремонт,700.0
3684339,0,0,Пластиковые,есть,0,0,0,0,Есть балкон,5,Общ,Панельные,Первомайский,1971.0,22.0,2.5,открытый двор,1,0,Косметический ремонт,990.0
5757114,0,0,Пластиковые,есть,0,0,0,0,Есть балкон,5,Инд,Блочные,Ключевая,1967.0,46.6,2.5,открытый двор,2,0,Косметический ремонт,2650.0
5752081,0,0,Пластиковые,есть,0,0,0,0,Есть балкон,9,Инд,Панельные,Кукковка,1983.0,53.0,2.5,открытый двор,2,0,Современный ремонт,3400.0
5739316,0,0,Пластиковые,есть,0,0,0,0,Есть балкон,4,Инд,Панельные,Октябрьский,1992.0,30.9,2.5,открытый двор,1,0,Косметический ремонт,2270.0
5738616,0,0,Пластиковые,есть,0,0,0,0,Есть балкон,5,1-335А,Панельные,Октябрьский,1965.0,42.0,2.5,открытый двор,2,0,Современный ремонт,3070.0
5754913,0,0,Пластиковые,есть,0,0,0,0,Есть балкон,5,1-335,Панельные,Октябрьский,1966.0,31.4,2.5,открытый двор,1,0,Косметический ремонт,2400.0
5754100,0,0,Пластиковые,есть,0,0,0,0,Есть балкон,5,Инд,Панельные,Октябрьский,1992.0,30.2,2.5,открытый двор,1,0,Косметический ремонт,2400.0
5746866,0,0,Пластиковые,есть,0,0,0,0,Есть балкон,9,75 ,Панельные,Октябрьский,1975.0,35.2,2.5,открытый двор,1,0,Требует ремонта,2500.0
5751405,0,0,Пластиковые,есть,0,0,0,0,Есть балкон,9,75 ,Панельные,Древлянка,1991.0,70.0,2.5,открытый двор,3,0,Современный ремонт,4750.0
5754691,0,0,Пластиковые,есть,0,0,0,0,Есть балкон,4,Инд,Блочные,Центр,1947.0,67.0,2.5,открытый двор,3,0,Косметический ремонт,6100.0
5738920,0,0,Пластиковые,есть,0,0,0,0,Есть балкон,4,Инд,Панельные,Перевалка,2016.0,31.4,2.5,открытый двор,1,0,Косметический ремонт,1860.0
5753907,0,0,Пластиковые,есть,0,0,0,0,Есть балкон,2,Инд,Деревянные,Октябрьский,1992.0,28.5,2.5,открытый двор,1,0,Косметический ремонт,1900.0
5738749,0,0,Пластиковые,есть,0,0,0,0,Есть балкон,9,Инд,Панельные,Древлянка,1992.0,54.0,2.5,открытый двор,2,0,Современный ремонт,3700.0
5742393,0,0,Пластиковые,есть,1,0,0,0,Лоджия,11,Инд,Монолитные,Центр,2016.0,52.8,3.0,закрытый двор,1,1,Современный ремонт,5100.0
5739195,0,0,Пластиковые,есть,0,0,0,0,Есть балкон,9,Инд,Панельные,Древлянка,2016.0,39.0,2.5,открытый двор,2,0,Современный ремонт,3530.0
5742937,0,0,Пластиковые,есть,0,0,0,0,Есть балкон,9,75 ,Панельные,Древлянка,1989.0,53.0,2.5,открытый двор,2,0,Современный ремонт,4400.0
5737287,0,0,Пластиковые,есть,0,0,0,0,Есть балкон,11,Инд,Монолитные,Кукковка,2015.0,57.4,2.5,открытый двор,3,0,Ремонт по дизайн проекту,5600.0
5736033,0,0,Пластиковые,есть,0,0,0,0,Нет балкона,4,Инд,Кирпичные,Центр,1958.0,74.0,3.0,открытый двор,3,0,Частичный ремонт,7000.0
5742987,0,0,Пластиковые,есть,0,0,0,0,Есть балкон,5,Инд,Панельные,Древлянка,2016.0,36.0,2.5,открытый двор,1,0,Косметический ремонт,2630.0
5742361,0,0,Пластиковые,есть,0,0,0,0,Есть балкон,10,75 ,Панельные,Древлянка,1991.0,36.0,2.5,открытый двор,1,0,Косметический ремонт,2400.0
5757119,0,0,Пластиковые,есть,0,0,0,0,Лоджия,9,75 ,Панельные,Кукковка,1978.0,74.5,2.61,открытый двор,4,0,Современный ремонт,5200.0
5741851,0,0,Пластиковые,есть,0,0,0,0,Нет балкона,5,1-335,Панельные,Октябрьский,1968.0,31.0,2.5,открытый двор,1,0,Современный ремонт,2400.0
5743138,0,0,Деревянные,есть,0,0,0,0,Нет балкона,5,Инд,Панельные,Зарека,1970.0,91.8,2.7,открытый двор,5,0,Косметический ремонт,4500.0
5738630,0,0,Пластиковые,есть,1,0,0,0,Есть балкон,6,Инд,Монолитные,Кукковка,2013.0,30.7,2.5,открытый двор,1,0,Косметический ремонт,2500.0
5732290,0,0,Пластиковые,есть,0,0,0,0,Лоджия,10,75 ,Панельные,Древлянка,1989.0,36.0,2.5,открытый двор,1,0,Современный ремонт,2800.0
5735304,0,0,Пластиковые,есть,0,0,0,0,Есть балкон,9,Инд,Кирпичные,Перевалка,2008.0,60.7,2.5,открытый двор,2,0,Современный ремонт,4750.0
5719893,0,0,Пластиковые,есть,0,0,0,0,Есть балкон,9,Инд,Монолитные,Древлянка,1992.0,33.1,2.5,открытый двор,1,0,Современный ремонт,4480.0
5726954,0,0,Пластиковые,есть,0,0,0,0,Нет балкона,5,Инд,Панельные,Октябрьский,1969.0,39.2,2.5,открытый двор,2,0,Косметический ремонт,2499.0
5724783,0,0,Пластиковые,есть,0,0,0,0,Есть балкон,16,Инд,Монолитные,Ключевая,2019.0,41.0,2.5,открытый двор,2,0,Косметический ремонт,3400.0
5722421,0,0,Пластиковые,есть,0,0,0,0,Нет балкона,2,Инд,Деревянные,Октябрьский,1958.0,30.0,2.5,открытый двор,2,0,Косметический ремонт,1250.0
5723719,0,0,Пластиковые,есть,0,0,0,0,Лоджия,9,Инд,Кирпичные,Голиковка,1979.0,53.1,2.5,открытый двор,2,0,Косметический ремонт,3850.0
5734289,0,0,Пластиковые,есть,0,0,0,0,Есть балкон,4,Инд,Кирпичные,Октябрьский,1992.0,32.0,2.5,открытый двор,1,0,Косметический ремонт,2000.0
5731317,0,0,Пластиковые/деревянные,есть,0,0,0,0,Есть балкон,5,75 ,Панельные,Кукковка,1971.0,49.2,2.57,открытый двор,2,0,Косметический ремонт,3500.0
5722317,0,0,Пластиковые,есть,0,0,0,0,Нет балкона,2,Инд,Деревянные,Октябрьский,1958.0,35.7,2.5,открытый двор,2,0,Косметический ремонт,1400.0
5716732,0,0,Пластиковые,есть,0,0,0,0,Есть балкон,5,Инд,Панельные,Голиковка,1971.0,50.0,2.5,открытый двор,3,0,Косметический ремонт,2890.0
5714592,0,0,Пластиковые,есть,0,0,0,0,Нет балкона,5,Общ,Блочные,Голиковка,1962.0,12.6,2.5,открытый двор,1,0,Косметический ремонт,700.0
5712698,0,0,Пластиковые,есть,0,0,0,0,Есть балкон,9,Инд,Кирпичные,Первомайский,1984.0,34.3,2.5,открытый двор,1,0,Косметический ремонт,1999.0
5718467,0,0,Пластиковые,есть,0,0,0,0,Есть балкон,6,Инд,Кирпичные,Центр,1955.0,25.8,2.7,закрытый двор,1,0,Косметический ремонт,2850.0
5712712,0,0,Пластиковые,есть,0,0,0,0,Есть балкон,5,Общ,Кирпичные,Зарека,1982.0,16.7,2.5,открытый двор,1,0,Косметический ремонт,680.0
5722366,0,0,Пластиковые,есть,0,0,0,0,Есть балкон,2,1-335А,Деревянные,Октябрьский,1965.0,31.0,2.5,открытый двор,1,0,Частичный ремонт,1350.0
5719724,0,0,Пластиковые,есть,0,0,0,0,Есть балкон,9,Инд,Панельные,Перевалка,2008.0,35.3,2.7,открытый двор,1,0,Современный ремонт,2880.0
5719858,0,0,Пластиковые,есть,0,0,0,0,Есть балкон,5,Инд,Кирпичные,Сулажгора,1992.0,32.0,2.5,открытый двор,1,0,Косметический ремонт,2000.0
5722266,0,0,Пластиковые,есть,0,0,0,0,Есть балкон,5,Общ,Кирпичные,Сулажгора,1990.0,12.8,2.5,открытый двор,1,0,Косметический ремонт,450.0
5731077,0,0,Пластиковые,есть,0,0,0,0,Есть балкон,5,Инд,Кирпичные,Зарека,1990.0,49.0,2.5,открытый двор,2,0,Косметический ремонт,3200.0
5730225,0,0,Пластиковые,есть,0,0,0,0,Нет балкона,5,Общ,Кирпичные,Зарека,1979.0,18.3,2.6,открытый двор,1,0,Косметический ремонт,950.0
5719679,0,0,Пластиковые,есть,0,0,0,0,Есть балкон,9,Инд,Монолитные,Древлянка,2018.0,48.7,2.5,открытый двор,2,0,Современный ремонт,5000.0
5717639,0,0,Пластиковые,есть,0,0,0,0,Есть балкон,16,Инд,Монолитные,Кукковка,1992.0,36.0,2.5,открытый двор,1,0,Улучшенная черновая отделка,2700.0
5722572,0,0,Пластиковые,есть,0,0,0,0,Есть балкон,5,Инд,Кирпичные,Кукковка,2006.0,43.9,2.5,открытый двор,1,0,Современный ремонт,3750.0
5734536,0,0,Пластиковые,есть,0,0,0,0,Есть балкон,5,Инд,Панельные,Октябрьский,1965.0,45.0,2.5,открытый двор,2,0,Современный ремонт,3300.0
5731778,0,0,Пластиковые,есть,0,0,0,0,Есть балкон,5,Инд,Кирпичные,Первомайский,1968.0,49.4,2.5,открытый двор,1,0,Косметический ремонт,2500.0
5721461,0,0,Пластиковые,есть,0,0,0,0,Есть балкон,4,Инд,Кирпичные,Первомайский,1939.0,77.9,3.24,открытый двор,3,0,Косметический ремонт,4990.0
5717967,0,0,Пластиковые,есть,0,0,0,0,Есть балкон,9,75 ,Панельные,Древлянка,1990.0,65.0,2.5,открытый двор,3,0,Косметический ремонт,3700.0
5712448,0,0,Пластиковые,есть,0,0,0,0,Есть балкон,5,Общ,Кирпичные,Перевалка,1983.0,12.0,2.5,открытый двор,1,0,Косметический ремонт,530.0
5698833,0,0,Пластиковые,есть,0,0,0,0,Есть балкон,5,Инд,Панельные,Ключевая,1989.0,51.0,2.5,открытый двор,2,0,Косметический ремонт,3000.0
5692770,0,0,Пластиковые,есть,0,0,0,0,Есть балкон,5,Инд,Кирпичные,Голиковка,1993.0,48.7,2.5,открытый двор,2,0,Косметический ремонт,3800.0
5700277,0,0,Пластиковые,есть,1,0,0,0,Нет балкона,6,Общ,Панельные,Сулажгора,1990.0,13.0,2.5,открытый двор,1,0,Косметический ремонт,480.0
5706617,0,0,Пластиковые,есть,0,0,0,0,Есть балкон,9,Хрущ,Панельные,Октябрьский,1975.0,35.0,2.5,открытый двор,1,0,Косметический ремонт,2690.0
5700524,0,0,Пластиковые,есть,0,0,0,0,Есть балкон,5,Инд,Панельные,Центр,1965.0,42.0,2.5,открытый двор,2,0,Косметический ремонт,2800.0
5706130,0,0,Пластиковые,есть,0,0,0,0,Есть балкон,5,Инд,Панельные,Перевалка,2013.0,48.9,2.55,открытый двор,2,0,Современный ремонт,6105.0
5697221,0,0,Пластиковые,есть,0,0,0,0,Есть балкон,5,Инд,Панельные,Ключевая,1975.0,57.2,2.5,открытый двор,3,0,Косметический ремонт,3380.0
5695189,0,0,Пластиковые,есть,0,0,0,0,Есть балкон,5,Инд,Блочные,Центр,1992.0,42.0,2.5,открытый двор,2,0,Косметический ремонт,2800.0
5713183,0,0,Пластиковые,есть,0,0,0,0,Есть балкон,5,Общ,Панельные,Октябрьский,1978.0,23.0,2.5,открытый двор,1,0,Косметический ремонт,1200.0
5700526,0,0,Пластиковые,есть,0,0,0,0,Есть балкон,14,Инд,Панельные,Перевалка,2019.0,40.0,2.5,открытый двор,1,0,Современный ремонт,3650.0
5703715,0,0,Пластиковые,есть,0,0,0,0,Есть балкон,5,Инд,Панельные,Древлянка,2014.0,35.5,2.5,открытый двор,1,0,Улучшенная черновая отделка,2700.0
5707987,0,0,Пластиковые,есть,0,0,0,0,Есть балкон,5,75 ,Панельные,Древлянка,1990.0,49.7,2.5,открытый двор,2,0,Косметический ремонт,3600.0
5708115,0,0,Пластиковые,есть,0,0,0,0,Есть балкон,5,1-335А,Блочные,Голиковка,1965.0,44.0,2.5,открытый двор,2,0,Современный ремонт,3500.0
5703691,0,0,Пластиковые,есть,0,0,0,0,Есть балкон,5,Инд,Кирпичные,Сулажгора,1990.0,13.0,2.5,открытый двор,1,0,Косметический ремонт,580.0
5704228,0,0,Пластиковые,есть,0,0,0,0,Есть балкон,5,Инд,Панельные,Кукковка,1978.0,35.5,2.5,открытый двор,1,0,Косметический ремонт,2520.0
5712822,0,0,Пластиковые,есть,0,0,0,0,Есть балкон,5,Инд,Панельные,Голиковка,1992.0,51.0,2.5,открытый двор,2,0,Косметический ремонт,3500.0
5705736,0,0,Пластиковые,есть,0,0,0,0,Есть балкон,9,75 ,Панельные,Кукковка,1981.0,35.7,2.7,открытый двор,1,0,Частичный ремонт,2350.0
5712581,0,0,Пластиковые,есть,0,0,0,0,Есть балкон,14,Инд,Панельные,Перевалка,2019.0,37.0,2.5,открытый двор,1,0,Косметический ремонт,3780.0
5714562,0,0,Пластиковые,отсутствует,0,0,0,0,Нет балкона,5,Общ,Кирпичные,Ключевая,1982.0,14.0,2.5,открытый двор,1,0,Косметический ремонт,550.0
5693381,0,0,Пластиковые,есть,0,0,0,0,Есть балкон,4,Инд,Панельные,Кукковка,2021.0,90.0,2.5,открытый двор,3,0,Улучшенная черновая отделка,5300.0
5693681,0,0,Пластиковые,есть,0,0,0,0,Есть балкон,5,Инд,Панельные,Октябрьский,1992.0,58.4,2.5,открытый двор,4,0,Частичный ремонт,3100.0
5712811,0,0,Пластиковые,есть,0,0,0,0,Есть балкон,9,Инд,Панельные,Перевалка,1993.0,56.0,2.55,открытый двор,2,0,Косметический ремонт,3560.0
5703805,0,0,Пластиковые,есть,0,0,0,0,Есть балкон,5,Инд,Кирпичные,Голиковка,1963.0,42.2,2.5,открытый двор,2,0,Современный ремонт,2700.0
5692898,0,0,Пластиковые,есть,0,0,0,0,Есть балкон,15,Инд,Монолитные,Кукковка,2008.0,54.7,2.5,открытый двор,2,0,Косметический ремонт,3950.0
5669072,0,0,Пластиковые,есть,0,0,0,0,Есть балкон,9,75 ,Панельные,Древлянка,1989.0,65.0,2.5,открытый двор,3,0,Косметический ремонт,3890.0
5693000,0,0,Пластиковые,есть,1,0,0,0,Есть балкон,5,Инд,Панельные,Древлянка,2015.0,33.9,2.65,открытый двор,1,0,Косметический ремонт,3075.0
5674643,0,0,Пластиковые,есть,1,0,0,0,Есть балкон,21,Инд,Монолитные,Перевалка,1992.0,38.8,2.5,открытый двор,2,1,Косметический ремонт,3790.0
5674265,0,0,Пластиковые,есть,0,0,0,0,Есть балкон,5,Инд,Панельные,Центр,1966.0,43.7,2.5,открытый двор,2,0,Косметический ремонт,3250.0
5686751,0,0,Пластиковые,есть,0,0,0,0,Есть балкон,9,Инд,Панельные,Перевалка,1992.0,38.9,2.5,открытый двор,1,0,Косметический ремонт,2850.0
5676880,0,0,Пластиковые,есть,1,0,0,0,Есть балкон,5,Хрущ,Панельные,Первомайский,1974.5,48.6,2.5,открытый двор,2,0,Косметический ремонт,3000.0
5669412,0,0,Пластиковые,есть,0,0,0,0,Есть балкон,2,Инд,Деревянные,Первомайский,1992.0,25.8,2.5,открытый двор,1,0,Косметический ремонт,1190.0
5670094,0,0,Пластиковые,есть,0,0,0,0,Есть балкон,5,Инд,Кирпичные,Голиковка,1984.0,33.0,2.5,открытый двор,1,0,Косметический ремонт,2100.0
5684931,0,0,Пластиковые,есть,0,0,0,0,Есть балкон,9,Общ,Панельные,Ключевая,1980.0,18.0,2.5,открытый двор,1,0,Косметический ремонт,750.0
5665343,0,0,Пластиковые,есть,1,0,0,0,Есть балкон,25,Инд,Монолитные,Кукковка,2020.0,40.9,2.8,закрытый двор,1,0,Улучшенная черновая отделка,3150.0
5686981,0,0,Пластиковые,есть,0,0,0,0,Есть балкон,5,Инд,Кирпичные,Зарека,1976.0,58.0,2.55,открытый двор,2,0,Косметический ремонт,2700.0
5669591,0,0,Пластиковые,есть,0,0,0,0,Нет балкона,5,Инд,Блочные,Центр,1965.0,44.2,2.5,открытый двор,2,0,Косметический ремонт,3200.0
5658993,0,0,Пластиковые,есть,0,0,0,0,Есть балкон,9,Инд,Кирпичные,Перевалка,2008.0,34.7,2.5,открытый двор,1,0,Косметический ремонт,3299.0
5692627,0,0,Пластиковые,есть,0,0,0,0,Есть балкон,9,Инд,Кирпичные,Кукковка,1986.0,33.5,2.7,открытый двор,1,0,Косметический ремонт,2200.0
5690896,0,0,Пластиковые,есть,0,0,0,0,Есть балкон,3,Инд,Кирпичные,Зарека,1992.0,46.0,2.5,открытый двор,2,0,Косметический ремонт,2400.0
5692031,0,0,Пластиковые,есть,0,0,0,0,Есть балкон,9,75 ,Панельные,Кукковка,1983.0,35.2,3.0,закрытый двор,1,0,Частичный ремонт,2565.0
5690381,0,0,Пластиковые,есть,0,0,0,0,Есть балкон,5,Инд,Кирпичные,Перевалка,1992.0,33.0,2.5,открытый двор,1,0,Современный ремонт,2999.0
5691343,0,0,Пластиковые,есть,0,0,0,0,Есть балкон,5,Инд,Кирпичные,Голиковка,1992.0,32.8,2.55,открытый двор,1,0,Частичный ремонт,2300.0
5674270,0,0,Пластиковые,есть,0,0,0,0,Нет балкона,5,75 ,Монолитные,Октябрьский,1971.0,30.2,2.7,открытый двор,1,0,Частичный ремонт,2100.0
5693980,0,0,Пластиковые,есть,0,0,0,0,Есть балкон,5,Инд,Панельные,Ключевая,1992.0,44.6,2.5,открытый двор,2,0,Косметический ремонт,2500.0
5674075,1,1,Пластиковые,есть,0,0,0,0,Есть балкон,9,Инд,Панельные,Кукковка,1982.0,64.2,2.5,открытый двор,3,0,Косметический ремонт,4500.0
5674544,0,0,Пластиковые,есть,0,0,0,0,Есть балкон,5,Инд,Панельные,Древлянка,2016.0,54.3,2.5,открытый двор,2,0,Современный ремонт,4500.0
5682196,0,0,Пластиковые,есть,0,0,0,0,Есть балкон,2,Инд,Деревянные,Центр,1939.0,34.9,2.5,открытый двор,1,0,Требует ремонта,1750.0
5673989,0,0,Пластиковые,есть,1,0,0,0,Есть балкон,5,Инд,Панельные,Древлянка,1992.0,36.0,2.75,открытый двор,1,0,Косметический ремонт,2950.0
5653449,0,0,Пластиковые,есть,0,0,0,0,Есть балкон,9,75 ,Панельные,Древлянка,1992.0,36.0,2.5,открытый двор,1,0,Частичный ремонт,2300.0
5643029,0,0,Пластиковые,есть,0,0,0,0,Есть балкон,10,75 ,Панельные,Древлянка,1994.0,38.4,2.55,открытый двор,1,0,Частичный ремонт,2349.0
5648834,0,0,Пластиковые,есть,0,0,0,0,Есть балкон,14,Инд,Монолитные,Октябрьский,2019.0,61.5,2.5,открытый двор,3,0,Частичный ремонт,5800.0
5646599,0,0,Пластиковые,есть,0,0,0,0,Есть балкон,5,Инд,Панельные,Сулажгора,1972.0,59.7,2.5,открытый двор,3,0,Современный ремонт,3000.0
5643752,0,0,Пластиковые,есть,0,0,0,0,Есть балкон,9,Инд,Панельные,Перевалка,2012.0,49.4,2.5,открытый двор,2,0,Современный ремонт,4100.0
5651114,0,0,Пластиковые,есть,0,0,0,0,Есть балкон,5,Инд,Панельные,Голиковка,1971.0,30.0,2.5,открытый двор,1,0,Косметический ремонт,2050.0
5643662,0,0,Пластиковые,есть,0,0,0,0,Есть балкон,5,Инд,Панельные,Ключевая,1972.0,62.7,2.5,открытый двор,3,0,Косметический ремонт,3450.0
5650889,0,0,Пластиковые,есть,0,0,0,0,Есть балкон,5,Инд,Панельные,Октябрьский,1972.0,47.43,2.5,открытый двор,2,0,Косметический ремонт,2729.0
5651265,0,0,Пластиковые,есть,0,0,0,0,Есть балкон,5,Инд,Панельные,Голиковка,2005.0,36.0,2.5,открытый двор,1,0,Косметический ремонт,2750.0
5643468,0,0,Пластиковые,есть,0,0,0,0,Есть балкон,9,Инд,Панельные,Перевалка,2012.0,33.2,2.5,открытый двор,1,0,Косметический ремонт,2700.0
5658398,0,0,Пластиковые,есть,0,0,0,0,Лоджия,5,Инд,Кирпичные,Ключевая,1992.0,120.0,2.5,открытый двор,3,0,Косметический ремонт,5000.0
5645583,0,0,Пластиковые/деревянные,есть,0,0,0,0,Есть балкон,5,Инд,Кирпичные,Голиковка,1992.0,43.6,2.5,открытый двор,2,0,Косметический ремонт,2800.0
5644866,0,0,Пластиковые,есть,0,0,0,0,Есть балкон,9,Инд,Кирпичные,Первомайский,1984.0,36.0,2.55,открытый двор,1,0,Косметический ремонт,1950.0
5661651,0,0,Пластиковые,есть,0,0,0,0,Есть балкон,9,Инд,Панельные,Голиковка,2007.0,67.5,2.5,открытый двор,2,0,Современный ремонт,4950.0
5647627,0,0,Пластиковые,есть,0,0,0,0,Есть балкон,14,Инд,Монолитные,Ключевая,2021.0,41.1,2.5,открытый двор,1,0,Современный ремонт,3600.0
5662813,0,0,Пластиковые,есть,0,0,0,0,Есть балкон,5,Инд,Панельные,Ключевая,2012.0,54.3,2.5,открытый двор,2,0,Косметический ремонт,4490.0
5655039,0,0,Пластиковые,есть,0,0,0,0,Есть балкон,26,Инд,Монолитные,Кукковка,2016.0,26.7,2.5,открытый двор,1,0,Современный ремонт,2550.0
5657726,0,0,Пластиковые,есть,0,0,0,0,Есть балкон,9,75 ,Блочные,Кукковка,1989.0,39.0,2.5,открытый двор,1,0,Косметический ремонт,2560.0
5648774,0,0,Пластиковые,есть,0,0,0,0,Нет балкона,5,Инд,Панельные,Древлянка,2018.0,45.2,2.5,открытый двор,2,0,Современный ремонт,3300.0
5636065,0,0,Пластиковые,есть,0,0,0,0,Есть балкон,6,Инд,Панельные,Древлянка,2020.0,92.0,2.7,закрытый двор,3,0,Улучшенная черновая отделка,5000.0
5631907,0,0,Пластиковые,есть,0,0,0,0,Есть балкон,9,75 ,Панельные,Древлянка,1987.0,65.1,2.5,открытый двор,3,0,Косметический ремонт,4000.0
5621383,0,0,Пластиковые,есть,0,0,0,0,Есть балкон,5,Инд,Кирпичные,Октябрьский,1992.0,43.1,2.5,открытый двор,2,0,Современный ремонт,2900.0
5635687,0,0,Пластиковые,есть,0,0,0,0,Есть балкон,9,Инд,Панельные,Кукковка,1982.0,70.8,2.5,открытый двор,4,0,Косметический ремонт,4110.0
5611522,0,0,Пластиковые,есть,0,0,0,0,Есть балкон,11,75 ,Панельные,Древлянка,1989.0,35.0,2.5,открытый двор,1,0,Косметический ремонт,2500.0
5624199,0,0,Пластиковые,есть,0,0,0,0,Есть балкон,5,Инд,Блочные,Первомайский,1973.0,31.8,2.5,открытый двор,1,0,Частичный ремонт,1890.0
5629703,0,0,Пластиковые,есть,0,0,0,0,Есть балкон,5,Инд,Кирпичные,Первомайский,1992.0,45.0,2.5,открытый двор,2,0,Косметический ремонт,2650.0
5635708,0,0,Пластиковые,есть,0,0,0,0,Нет балкона,5,Инд,Панельные,Древлянка,2016.0,51.0,2.5,открытый двор,2,0,Современный ремонт,4350.0
5622303,0,0,Пластиковые,отсутствует,0,0,0,0,Есть балкон,10,Инд,Монолитные,Голиковка,1992.0,33.2,2.5,открытый двор,1,0,Косметический ремонт,2640.0
5622133,0,0,Пластиковые,есть,0,0,0,0,Есть балкон,12,Инд,Кирпичные,Кукковка,1992.0,37.6,2.5,открытый двор,1,0,Косметический ремонт,2950.0
5612915,0,0,Пластиковые,есть,0,0,0,0,Есть балкон,5,Инд,Панельные,Перевалка,2014.0,74.0,2.5,открытый двор,3,0,Косметический ремонт,6000.0
5624432,0,0,Пластиковые,есть,0,0,0,0,Есть балкон,10,75 ,Панельные,Перевалка,1989.0,73.0,2.5,открытый двор,3,0,Косметический ремонт,4680.0
5628131,0,0,Пластиковые,есть,0,0,0,0,Есть балкон,5,Инд,Панельные,Ключевая,2008.0,53.6,2.5,открытый двор,2,0,Косметический ремонт,3800.0
5630063,0,0,Пластиковые,есть,0,0,0,0,Есть балкон,9,75 ,Панельные,Древлянка,1992.0,36.3,2.5,открытый двор,1,0,Частичный ремонт,2350.0
5619485,0,0,Пластиковые,есть,0,0,0,0,Есть балкон,9,75 ,Панельные,Древлянка,1989.0,65.2,2.55,открытый двор,3,0,Современный ремонт,3750.0
5644265,0,0,Пластиковые,есть,0,0,0,0,Есть балкон,4,Инд,Кирпичные,Центр,1941.0,53.4,3.3,открытый двор,2,0,Косметический ремонт,4900.0
5635299,0,0,Пластиковые,есть,0,0,0,0,Есть балкон,5,Инд,Панельные,Ключевая,1975.0,62.0,2.5,открытый двор,3,0,Косметический ремонт,3480.0
5629657,0,0,Пластиковые,есть,0,0,0,0,Есть балкон,5,Инд,Панельные,Октябрьский,2010.0,53.6,2.6,открытый двор,2,0,Современный ремонт,5900.0
5613807,0,0,Пластиковые,есть,0,0,0,0,Нет балкона,3,Инд,Блочные,Перевалка,2016.0,60.7,2.5,открытый двор,3,0,Частичный ремонт,3500.0
5622856,0,0,Пластиковые,есть,0,0,0,0,Есть балкон,5,Хрущ,Панельные,Октябрьский,1974.5,31.0,2.5,открытый двор,1,0,Частичный ремонт,2200.0
5634070,0,0,Пластиковые,есть,0,0,0,0,Нет балкона,9,Общ,Кирпичные,Голиковка,1974.0,12.0,2.5,открытый двор,1,0,Косметический ремонт,750.0
5631007,0,0,Пластиковые,есть,0,0,0,0,Есть балкон,5,Инд,Блочные,Голиковка,1963.0,46.0,2.5,открытый двор,2,0,Косметический ремонт,2870.0
5615916,0,0,Пластиковые,есть,0,0,0,0,Есть балкон,5,Общ,Кирпичные,Сулажгора,1990.0,18.0,2.5,открытый двор,1,0,Косметический ремонт,600.0
5585478,0,0,Пластиковые,есть,0,0,0,0,Есть балкон,9,Инд,Панельные,Кукковка,2006.0,65.0,2.5,открытый двор,3,0,Косметический ремонт,4200.0
5611456,0,0,Пластиковые,есть,0,0,0,0,Лоджия,9,75 ,Панельные,Древлянка,1987.0,33.9,2.5,открытый двор,1,0,Косметический ремонт,2420.0
5598721,0,0,Пластиковые,есть,0,0,0,0,Есть балкон,4,Инд,Кирпичные,Центр,1992.0,74.5,3.0,открытый двор,3,0,Косметический ремонт,4950.0
5592032,0,0,Пластиковые,есть,0,0,0,0,Есть балкон,22,Инд,Монолитные,Перевалка,2017.0,59.9,2.5,открытый двор,2,0,Косметический ремонт,4900.0
5596993,0,0,Пластиковые,есть,0,0,0,0,Есть балкон,16,Инд,Панельные,Перевалка,1993.0,34.5,2.55,открытый двор,1,0,Косметический ремонт,2400.0
5595226,0,0,Пластиковые,есть,0,0,0,0,Есть балкон,9,Инд,Панельные,Перевалка,2011.0,52.0,2.5,открытый двор,2,0,Современный ремонт,3880.0
5608772,0,0,Пластиковые,отсутствует,0,0,0,0,Есть балкон,5,Общ,Кирпичные,Октябрьский,1970.0,12.0,2.5,открытый двор,1,0,Частичный ремонт,690.0
5579942,0,0,Пластиковые,есть,0,0,0,0,Есть балкон,5,Инд,Панельные,Голиковка,1972.0,30.0,2.5,открытый двор,1,0,Косметический ремонт,2150.0
5582565,0,0,Пластиковые,есть,0,0,0,0,Есть балкон,5,Инд,Кирпичные,Голиковка,1992.0,59.1,2.5,открытый двор,3,0,Частичный ремонт,3800.0
5609182,0,0,Пластиковые,есть,0,1,1,1,Нет балкона,2,Инд,Деревянные,Голиковка,1992.0,60.2,2.7,закрытый двор,3,0,Косметический ремонт,2500.0
5613454,0,0,Пластиковые,есть,0,0,0,0,Есть балкон,5,Инд,Кирпичные,Центр,1960.0,42.8,2.5,открытый двор,2,0,Косметический ремонт,2450.0
5611455,0,0,Пластиковые,есть,0,0,0,0,Есть балкон,9,Инд,Кирпичные,Октябрьский,2010.0,29.3,2.7,открытый двор,1,0,Косметический ремонт,2770.0
5605730,0,0,Пластиковые,есть,0,0,0,0,Есть балкон,5,Инд,Кирпичные,Перевалка,1984.0,31.5,2.5,открытый двор,1,0,Косметический ремонт,2649.0
5614004,0,0,Пластиковые,есть,0,0,0,0,Есть балкон,5,Инд,Панельные,Октябрьский,1971.0,60.8,2.5,открытый двор,3,0,Косметический ремонт,3750.0
5600686,0,0,Пластиковые,есть,0,0,0,0,Есть балкон,5,Инд,Панельные,Ключевая,1992.0,37.0,2.5,открытый двор,1,0,Косметический ремонт,2200.0
5597038,0,0,Пластиковые,есть,0,0,0,0,Есть балкон,9,Инд,Панельные,Древлянка,1992.0,71.6,2.5,открытый двор,4,0,Косметический ремонт,4500.0
5582491,0,0,Пластиковые,есть,0,0,0,0,Есть балкон,9,75 ,Панельные,Древлянка,1989.0,71.3,2.5,открытый двор,4,0,Частичный ремонт,3999.0
5585543,0,0,Пластиковые,есть,0,0,0,0,Есть балкон,5,Инд,Панельные,Голиковка,2011.0,64.0,2.5,открытый двор,2,0,Косметический ремонт,5000.0
5585466,0,0,Пластиковые,есть,0,0,0,0,Есть балкон,9,Инд,Монолитные,Древлянка,2016.0,32.7,2.5,открытый двор,1,0,Косметический ремонт,3300.0
5608152,0,0,Деревянные,есть,0,0,0,0,Нет балкона,2,Инд,Деревянные,Октябрьский,1992.0,43.7,2.5,открытый двор,2,0,Косметический ремонт,1900.0
5589671,0,0,Деревянные,есть,0,0,0,0,Есть балкон,5,75 ,Панельные,Кукковка,1979.0,53.0,2.5,открытый двор,2,0,Частичный ремонт,3150.0
5616906,0,0,Пластиковые,есть,0,0,0,0,Есть балкон,9,75 ,Панельные,Древлянка,1989.0,53.4,2.5,открытый двор,2,0,Косметический ремонт,3880.0
5554061,0,0,Пластиковые,есть,0,0,0,0,Есть балкон,5,Инд,Панельные,Ключевая,1992.0,49.9,2.5,открытый двор,3,0,Косметический ремонт,2800.0
5583918,0,0,Пластиковые,есть,0,0,0,0,Нет балкона,5,Инд,Кирпичные,Зарека,1992.0,18.0,2.5,открытый двор,1,0,Косметический ремонт,550.0
5550198,0,0,Пластиковые,есть,0,0,0,0,Есть балкон,5,Инд,Панельные,Сулажгора,1984.0,49.5,2.5,открытый двор,3,0,Косметический ремонт,3100.0
5553154,1,1,Пластиковые/деревянные,есть,0,0,0,0,Есть балкон,14,Инд,Кирпичные,Голиковка,1987.0,57.7,2.5,открытый двор,2,0,Косметический ремонт,3600.0
5578756,0,0,Пластиковые,есть,0,0,0,0,Есть балкон,5,1-335А,Панельные,Кукковка,1979.0,84.1,2.5,открытый двор,4,0,Косметический ремонт,5390.0
5549412,0,0,Пластиковые,есть,0,0,0,0,Есть балкон,2,Инд,Деревянные,Голиковка,1992.0,35.0,2.5,открытый двор,2,0,Современный ремонт,1550.0
5558520,0,0,Пластиковые,есть,0,0,0,0,Есть балкон,9,Инд,Панельные,Октябрьский,1992.0,14.0,2.5,открытый двор,1,0,Косметический ремонт,1600.0
5541371,0,0,Пластиковые,есть,0,0,0,0,Есть балкон,5,Инд,Кирпичные,Сулажгора,2012.0,37.0,2.6,открытый двор,1,0,Современный ремонт,2999.0
5577811,0,0,Пластиковые,есть,0,0,0,0,Есть балкон,5,Инд,Панельные,Древлянка,1992.0,54.6,2.5,открытый двор,3,0,Современный ремонт,4750.0
5542694,0,0,Пластиковые,есть,0,0,0,0,Есть балкон,9,Инд,Панельные,Ключевая,2008.0,47.5,2.7,открытый двор,1,0,Косметический ремонт,3600.0
5574969,0,0,Пластиковые,есть,0,0,0,0,Есть балкон,9,75 ,Панельные,Древлянка,1989.0,34.5,2.5,открытый двор,1,0,Косметический ремонт,2810.0
5575526,0,0,Пластиковые,есть,0,0,0,0,Есть балкон,5,Инд,Кирпичные,Октябрьский,1976.0,48.0,2.5,открытый двор,2,0,Частичный ремонт,2900.0
5533595,0,0,Пластиковые,есть,0,0,0,0,Есть балкон,5,335-с,Панельные,Кукковка,1979.0,50.0,2.5,открытый двор,2,0,Современный ремонт,3990.0
5559016,0,0,Пластиковые,есть,0,0,0,0,Нет балкона,5,Инд,Панельные,Ключевая,1975.0,30.8,2.5,открытый двор,1,0,Косметический ремонт,2199.0
5560509,0,0,Пластиковые,есть,0,0,0,0,Есть балкон,5,Инд,Панельные,Ключевая,1983.0,31.0,2.7,открытый двор,1,0,Косметический ремонт,1880.0
5546101,0,0,Пластиковые,есть,0,0,0,0,Есть балкон,5,Инд,Кирпичные,Голиковка,1974.0,47.6,2.5,открытый двор,2,0,Современный ремонт,3390.0
5526945,0,0,Пластиковые,есть,1,0,0,0,Есть балкон,16,2-68-1-0,Панельные,Кукковка,1987.0,35.0,2.5,открытый двор,1,0,Современный ремонт,2590.0
5568668,0,0,Пластиковые,есть,0,0,0,0,Есть балкон,5,Инд,Панельные,Перевалка,1968.0,54.0,2.5,открытый двор,3,0,Косметический ремонт,3100.0
5560676,0,0,Пластиковые,есть,1,0,0,0,Есть балкон,25,Инд,Монолитные,Кукковка,2020.0,68.4,2.8,закрытый двор,3,0,Улучшенная черновая отделка,5940.0
5564327,0,0,Пластиковые,есть,0,0,0,0,Есть балкон,9,Инд,Кирпичные,Ключевая,1985.0,28.9,2.5,открытый двор,1,0,Современный ремонт,2100.0
5541983,0,0,Деревянные,отсутствует,0,0,0,0,Нет балкона,5,Инд,Панельные,Ключевая,1987.0,212.5,2.5,открытый двор,2,0,Косметический ремонт,1800.0
5575808,0,0,Пластиковые,есть,0,0,0,0,Лоджия,5,75 ,Панельные,Октябрьский,2009.0,37.0,2.5,открытый двор,1,0,Косметический ремонт,3350.0
5557733,0,0,Пластиковые,есть,0,0,0,0,Есть балкон,4,Инд,Блочные,Перевалка,1955.0,31.0,2.7,открытый двор,1,0,Современный ремонт,2699.0
5548408,0,0,Пластиковые,есть,1,0,0,0,Есть балкон,5,Инд,Панельные,Перевалка,2014.0,73.5,2.7,открытый двор,3,0,Современный ремонт,5900.0
5561125,0,0,Пластиковые,есть,0,0,0,0,Нет балкона,5,Инд,Панельные,Центр,1966.0,58.0,2.5,открытый двор,2,0,Косметический ремонт,3200.0
5488903,0,0,Пластиковые,есть,0,0,0,0,Есть балкон,5,Инд,Блочные,Зарека,1971.0,55.0,2.55,открытый двор,3,0,Косметический ремонт,3099.0
5525183,0,0,Пластиковые,есть,0,0,0,0,Есть балкон,5,Инд,Кирпичные,Первомайский,1979.0,31.4,2.5,открытый двор,1,0,Косметический ремонт,2300.0
5513638,0,0,Пластиковые,есть,0,0,0,0,Есть балкон,10,Инд,Панельные,Древлянка,1992.0,80.0,2.57,открытый двор,3,0,Косметический ремонт,4100.0
5523978,0,0,Пластиковые,есть,0,1,1,1,Нет балкона,5,Хрущ,Кирпичные,Центр,1963.0,42.5,2.5,открытый двор,2,0,Современный ремонт,4300.0
5506259,0,0,Пластиковые,есть,0,0,0,0,Есть балкон,5,Инд,Кирпичные,Голиковка,1992.0,47.8,2.5,открытый двор,2,0,Косметический ремонт,3500.0
5498626,0,0,Пластиковые,есть,0,0,0,0,Есть балкон,19,Инд,Монолитные,Древлянка,2013.0,75.9,2.5,открытый двор,3,0,Современный ремонт,6100.0
5482221,0,0,Пластиковые,есть,0,0,0,0,Есть балкон,10,75 ,Панельные,Древлянка,1989.0,55.5,2.5,открытый двор,2,0,Косметический ремонт,3800.0
5485779,0,0,Пластиковые,есть,0,0,0,0,Есть балкон,9,Инд,Панельные,Перевалка,2015.0,33.5,2.5,открытый двор,2,0,Косметический ремонт,3100.0
5477843,0,0,Пластиковые,есть,0,0,0,0,Есть балкон,9,Инд,Панельные,Кукковка,1979.0,37.4,2.5,открытый двор,1,0,Косметический ремонт,2300.0
5504528,0,0,Пластиковые,есть,0,0,0,0,Есть балкон,10,Инд,Панельные,Древлянка,1994.0,39.0,2.5,открытый двор,1,0,Косметический ремонт,2570.0
5524384,0,0,Пластиковые,есть,0,0,0,0,Нет балкона,3,Инд,Кирпичные,Первомайский,1992.0,37.0,2.5,открытый двор,1,0,Косметический ремонт,2300.0
5473547,0,0,Пластиковые,есть,0,0,0,0,Есть балкон,9,75 ,Панельные,Древлянка,1989.0,65.2,2.55,открытый двор,3,0,Ремонт по дизайн проекту,4500.0
5524720,0,0,Пластиковые,есть,0,0,0,0,Есть балкон,6,Инд,Блочные,Кукковка,1992.0,37.8,2.5,открытый двор,2,0,Косметический ремонт,3000.0
5513581,0,0,Пластиковые,есть,0,0,0,0,Нет балкона,5,Инд,Кирпичные,Центр,1963.0,30.6,2.5,открытый двор,1,0,Современный ремонт,2490.0
5494362,0,0,Пластиковые,есть,0,0,0,0,Есть балкон,5,Инд,Панельные,Октябрьский,1970.0,28.8,2.5,открытый двор,2,0,Косметический ремонт,3170.0
5520582,0,0,Пластиковые,есть,0,0,0,0,Есть балкон,5,Инд,Блочные,Древлянка,2015.0,69.5,2.5,открытый двор,3,0,Современный ремонт,5270.0
5511990,0,0,Пластиковые,есть,0,0,0,0,Есть балкон,5,75 ,Панельные,Кукковка,1978.0,35.5,2.5,открытый двор,1,0,Современный ремонт,2900.0
5520872,0,0,Пластиковые,есть,0,0,0,0,Есть балкон,10,75 ,Панельные,Древлянка,1989.0,65.2,2.5,открытый двор,3,0,Косметический ремонт,4600.0
5489447,0,0,Пластиковые,есть,0,0,0,0,Есть балкон,17,Инд,Панельные,Первомайский,2018.0,37.0,2.5,открытый двор,1,0,Современный ремонт,3499.0
5519675,0,0,Пластиковые,есть,0,0,0,0,Есть балкон,10,75 ,Панельные,Перевалка,1989.0,65.6,2.5,открытый двор,3,0,Современный ремонт,4399.0
5509623,0,0,Пластиковые,есть,0,0,0,0,Есть балкон,9,Инд,Панельные,Перевалка,2012.0,35.1,2.5,открытый двор,1,0,Косметический ремонт,2999.0
5503075,0,0,Пластиковые,есть,0,0,0,0,Есть балкон,5,Общ,Панельные,Октябрьский,1979.0,18.0,2.5,открытый двор,1,0,Косметический ремонт,770.0
5485723,0,0,Пластиковые,есть,1,0,0,0,Есть балкон,9,Инд,Панельные,Древлянка,2015.0,54.2,2.5,открытый двор,2,0,Косметический ремонт,4950.0
5491163,0,0,Пластиковые,есть,0,0,0,0,Есть балкон,5,Инд,Панельные,Древлянка,2015.0,51.2,2.5,открытый двор,2,0,Современный ремонт,4550.0
5503412,0,0,Пластиковые,есть,0,0,0,0,Есть балкон,5,Инд,Панельные,Голиковка,1992.0,63.0,2.5,открытый двор,3,0,Косметический ремонт,4450.0
5508470,0,0,Пластиковые,есть,0,0,0,0,Есть балкон,5,Общ,Кирпичные,Голиковка,1984.0,18.0,2.5,открытый двор,1,0,Косметический ремонт,565.0
5525280,0,0,Пластиковые,есть,0,0,0,0,Нет балкона,5,Инд,Панельные,Ключевая,1992.0,44.9,2.5,открытый двор,2,0,Косметический ремонт,2400.0
5422404,0,0,Пластиковые,есть,0,0,0,0,Нет балкона,6,Инд,Монолитные,Кукковка,2014.0,33.0,2.5,открытый двор,1,0,Косметический ремонт,2600.0
5462604,0,0,Пластиковые,есть,0,0,0,0,Есть балкон,5,Инд,Кирпичные,Голиковка,1972.0,51.2,2.5,открытый двор,3,0,Косметический ремонт,4300.0
5430466,0,0,Пластиковые,есть,0,0,0,0,Есть балкон,5,Общ,Панельные,Кукковка,1983.0,13.0,2.5,открытый двор,1,0,Современный ремонт,800.0
5444146,0,0,Пластиковые,отсутствует,0,0,0,0,Есть балкон,14,Инд,Кирпичные,Голиковка,1987.0,36.0,2.5,открытый двор,1,0,Частичный ремонт,2190.0
5470930,0,0,Пластиковые,есть,0,0,0,0,Есть балкон,5,Инд,Панельные,Первомайский,1969.0,46.0,2.5,открытый двор,2,0,Косметический ремонт,2600.0
5456196,0,0,Пластиковые,есть,0,0,0,0,Есть балкон,5,Инд,Кирпичные,Зарека,1992.0,58.0,2.5,открытый двор,1,0,Косметический ремонт,4184.0
5461880,0,0,Пластиковые,есть,0,0,0,0,Есть балкон,5,Инд,Панельные,Октябрьский,1992.0,30.2,2.5,открытый двор,1,0,Современный ремонт,2300.0
5443861,0,0,Пластиковые,есть,0,0,0,0,Есть балкон,9,75 ,Панельные,Древлянка,1992.0,74.9,2.5,открытый двор,4,0,Косметический ремонт,4550.0
5440021,0,0,Пластиковые,есть,0,0,0,0,Есть балкон,2,Бреж,Кирпичные,Зарека,1951.0,56.0,2.5,открытый двор,3,0,Косметический ремонт,2920.0
5458087,0,0,Пластиковые,есть,0,0,0,0,Есть балкон,5,Общ,Кирпичные,Сулажгора,1990.0,13.0,2.5,открытый двор,1,0,Косметический ремонт,450.0
5417551,1,1,Пластиковые,есть,0,0,0,0,Есть балкон,14,Инд,Монолитные,Древлянка,1997.0,41.2,2.5,открытый двор,1,0,Косметический ремонт,3499.0
5422706,0,0,Пластиковые,есть,0,0,0,0,Есть балкон,16,Инд,Монолитные,Древлянка,1997.0,51.0,2.52,открытый двор,1,0,Косметический ремонт,3640.0
5459572,0,0,Пластиковые,есть,0,0,0,0,Есть балкон,2,Инд,Панельные,Голиковка,1992.0,25.0,2.5,открытый двор,1,0,Косметический ремонт,950.0
5425158,0,0,Пластиковые,есть,0,0,0,0,Есть балкон,16,2-68-1-0,Панельные,Кукковка,1989.0,49.5,2.5,открытый двор,2,0,Косметический ремонт,3580.0
5464142,0,0,Пластиковые,есть,0,0,0,0,Есть балкон,5,Инд,Блочные,Ключевая,1996.0,54.0,2.5,открытый двор,2,0,Косметический ремонт,3630.0
5456584,0,0,Пластиковые,есть,1,0,0,0,Есть балкон,4,75 ,Панельные,Древлянка,1990.0,68.7,2.5,закрытый двор,3,0,Современный ремонт,6500.0
5430228,0,0,Пластиковые,есть,0,0,0,0,Есть балкон,5,Инд,Монолитные,Кукковка,2018.0,78.6,2.5,открытый двор,3,0,Современный ремонт,6550.0
5433428,0,0,Пластиковые,есть,0,0,0,0,Есть балкон,4,Инд,Кирпичные,Первомайский,1959.0,40.3,2.5,открытый двор,2,0,Косметический ремонт,2790.0
5449724,0,0,Пластиковые,есть,0,0,0,0,Есть балкон,5,Инд,Кирпичные,Первомайский,1971.0,26.9,2.5,открытый двор,2,0,Косметический ремонт,1360.0
5436698,0,0,Пластиковые,есть,0,0,0,0,Есть балкон,5,Инд,Кирпичные,Голиковка,1967.0,42.9,2.5,открытый двор,2,0,Частичный ремонт,2400.0
5434402,0,0,Пластиковые,есть,0,0,0,0,Есть балкон,5,1-335А,Блочные,Голиковка,1962.0,63.0,2.65,открытый двор,3,0,Косметический ремонт,3460.0
5425802,0,0,Пластиковые,есть,0,0,0,0,Есть балкон,5,Общ,Панельные,Кукковка,1983.0,19.6,2.5,открытый двор,1,0,Косметический ремонт,1020.0
5435680,0,0,Пластиковые,есть,0,0,0,0,Нет балкона,4,Инд,Кирпичные,Первомайский,1958.0,48.5,3.05,открытый двор,2,0,Косметический ремонт,3100.0
5425469,0,0,Пластиковые,есть,0,0,0,0,Есть балкон,3,Инд,Кирпичные,Первомайский,1952.0,51.8,2.5,открытый двор,1,0,Современный ремонт,2700.0
5443140,0,0,Пластиковые,есть,0,0,0,0,Есть балкон,9,Инд,Кирпичные,Октябрьский,2010.0,60.1,2.7,открытый двор,3,0,Современный ремонт,4600.0
5468038,0,0,Пластиковые,есть,0,0,0,0,Нет балкона,5,Инд,Панельные,Ключевая,1992.0,32.3,2.5,открытый двор,1,0,Косметический ремонт,1880.0
5426478,0,0,Пластиковые,есть,0,0,0,0,Есть балкон,5,Инд,Панельные,Кукковка,1971.0,73.0,2.57,открытый двор,4,0,Косметический ремонт,4399.0
5372259,0,0,Пластиковые,есть,0,0,0,0,Есть балкон,9,Инд,Панельные,Ключевая,1975.0,60.0,2.5,открытый двор,3,0,Косметический ремонт,4200.0
5368340,0,0,Деревянные,есть,0,0,0,0,Нет балкона,5,1-335,Панельные,Октябрьский,1966.0,42.0,2.5,открытый двор,2,0,Косметический ремонт,2350.0
5409269,0,0,Пластиковые,есть,0,0,0,0,Есть балкон,10,Инд,Панельные,Древлянка,1993.0,38.0,2.5,открытый двор,1,0,Косметический ремонт,2500.0
5389563,0,0,Пластиковые,есть,0,0,0,0,Есть балкон,9,Инд,Монолитные,Древлянка,2016.0,40.0,2.5,открытый двор,2,0,Современный ремонт,3600.0
5389975,0,0,Пластиковые,есть,0,0,0,0,Нет балкона,5,Общ,Кирпичные,Сулажгора,1990.0,18.1,2.5,открытый двор,1,0,Косметический ремонт,670.0
5406701,0,0,Пластиковые,есть,0,0,0,0,Нет балкона,18,Инд,Монолитные,Кукковка,2017.0,46.0,2.5,открытый двор,2,1,Косметический ремонт,3900.0
5409237,0,0,Пластиковые,есть,0,0,0,0,Нет балкона,5,Инд,Кирпичные,Центр,1966.0,31.6,2.5,открытый двор,1,0,Косметический ремонт,2560.0
5381202,0,0,Пластиковые,есть,0,0,0,0,Есть балкон,11,Инд,Кирпичные,Октябрьский,2008.0,77.5,2.5,открытый двор,3,0,Косметический ремонт,6499.0
5404760,0,0,Пластиковые,есть,0,0,0,0,Есть балкон,2,Инд,Деревянные,Центр,1946.0,61.8,2.5,открытый двор,3,0,Косметический ремонт,3380.0
5390019,0,0,Пластиковые,есть,0,0,0,0,Два балкона и более,4,Инд,Панельные,Кукковка,2021.0,90.9,2.5,открытый двор,3,0,Улучшенная черновая отделка,5300.0
5368643,0,0,Пластиковые,есть,0,0,0,0,Есть балкон,9,Инд,Панельные,Центр,2019.0,66.0,2.7,открытый двор,3,0,Современный ремонт,6700.0
5386765,0,0,Пластиковые,есть,0,0,0,0,Есть балкон,5,Инд,Кирпичные,Зарека,1992.0,29.3,2.5,открытый двор,1,0,Косметический ремонт,1950.0
5374795,0,0,Деревянные,есть,1,0,0,0,Нет балкона,5,Инд,Кирпичные,Ключевая,1992.0,27.0,2.5,открытый двор,2,0,Частичный ремонт,1440.0
5369963,0,0,Пластиковые,есть,0,0,0,0,Есть балкон,5,Инд,Панельные,Древлянка,2017.0,53.7,2.5,открытый двор,2,0,Косметический ремонт,4800.0
5362493,0,0,Пластиковые,есть,0,0,0,0,Есть балкон,9,Инд,Панельные,Центр,1992.0,60.0,2.5,открытый двор,3,0,Косметический ремонт,5700.0
5388204,0,0,Пластиковые,есть,1,0,0,0,Лоджия,9,Инд,Панельные,Перевалка,1992.0,36.0,2.5,открытый двор,1,0,Косметический ремонт,2999.0
5377542,0,0,Пластиковые,есть,0,0,0,0,Есть балкон,5,1-335,Панельные,Октябрьский,1967.0,45.1,2.5,открытый двор,2,0,Косметический ремонт,3150.0
5396946,0,0,Пластиковые,есть,0,0,0,0,Есть балкон,5,Инд,Панельные,Кукковка,1971.0,44.0,2.5,открытый двор,2,0,Косметический ремонт,2699.0
5380135,0,0,Пластиковые,есть,0,0,0,0,Есть балкон,5,Инд,Блочные,Первомайский,1992.0,60.0,2.5,открытый двор,3,0,Косметический ремонт,3900.0
5365039,0,0,Пластиковые,есть,0,0,0,0,Есть балкон,5,Инд,Панельные,Центр,1965.0,46.0,2.5,открытый двор,2,0,Косметический ремонт,3080.0
5374088,0,0,Пластиковые,есть,0,0,0,0,Есть балкон,2,Инд,Деревянные,Октябрьский,1992.0,35.7,2.5,открытый двор,2,0,Косметический ремонт,1670.0
5394449,0,0,Пластиковые,есть,0,0,0,0,Есть балкон,16,Инд,Панельные,Перевалка,1993.0,63.3,2.5,открытый двор,3,0,Косметический ремонт,3999.0
5408597,0,0,Пластиковые,есть,0,0,0,0,Есть балкон,9,Инд,Панельные,Перевалка,2014.0,71.6,2.5,открытый двор,3,0,Современный ремонт,5600.0
5388056,0,0,Пластиковые,есть,0,0,0,0,Есть балкон,9,Инд,Панельные,Ключевая,1975.0,65.3,2.5,открытый двор,3,0,Косметический ремонт,4350.0
5410290,0,0,Пластиковые,есть,0,0,0,0,Есть балкон,5,Инд,Панельные,Октябрьский,1971.0,59.8,2.5,открытый двор,3,0,Современный ремонт,3750.0
5367124,0,0,Пластиковые,есть,0,0,0,0,Есть балкон,16,2-68-1-0,Монолитные,Кукковка,1988.0,65.3,2.5,открытый двор,3,0,Косметический ремонт,4100.0
5390033,0,0,Пластиковые,есть,0,0,0,0,Есть балкон,4,Инд,Панельные,Кукковка,2020.0,64.0,2.7,открытый двор,3,0,Улучшенная черновая отделка,3550.0
5346596,0,0,Пластиковые,есть,0,0,0,0,Есть балкон,5,Инд,Панельные,Древлянка,1992.0,52.0,2.5,открытый двор,3,0,Улучшенная черновая отделка,3250.0
5300545,0,0,Пластиковые,есть,0,0,0,0,Есть балкон,4,Инд,Кирпичные,Перевалка,2012.0,36.9,2.6,открытый двор,2,0,Современный ремонт,3950.0
5344313,0,0,Пластиковые,есть,0,0,0,0,Есть балкон,6,Инд,Панельные,Древлянка,2020.0,62.2,2.7,закрытый двор,2,0,Улучшенная черновая отделка,3599.0
5348952,0,0,Пластиковые,есть,0,0,0,0,Нет балкона,5,Общ,Кирпичные,Зарека,1979.0,13.0,2.5,открытый двор,1,0,Косметический ремонт,500.0
5327122,0,0,Пластиковые,есть,0,0,0,0,Есть балкон,9,75 ,Панельные,Древлянка,1989.0,34.2,2.5,открытый двор,1,0,Косметический ремонт,2800.0
5346659,0,0,Пластиковые,есть,0,0,0,0,Есть балкон,5,Общ,Кирпичные,Сулажгора,1990.0,18.0,2.5,открытый двор,1,0,Косметический ремонт,600.0
5310531,0,0,Пластиковые,есть,0,0,0,0,Есть балкон,5,Инд,Панельные,Зарека,2001.0,68.3,2.6,открытый двор,3,0,Косметический ремонт,5000.0
5309739,0,0,Пластиковые,есть,0,0,0,0,Есть балкон,9,Общ,Кирпичные,Голиковка,1974.0,12.0,2.5,открытый двор,1,0,Косметический ремонт,600.0
5350788,0,0,Пластиковые,есть,0,0,0,0,Есть балкон,5,Инд,Панельные,Ключевая,1979.0,59.3,2.5,открытый двор,4,0,Косметический ремонт,3199.0
5299861,0,0,Пластиковые,есть,0,0,0,0,Есть балкон,9,Общ,Панельные,Ключевая,1980.0,16.5,2.5,открытый двор,1,0,Косметический ремонт,675.0
5334103,0,0,Пластиковые,есть,0,0,0,0,Есть балкон,10,Инд,Панельные,Перевалка,1994.0,34.2,2.5,открытый двор,1,0,Косметический ремонт,2450.0
5327738,0,0,Пластиковые,есть,0,0,0,0,Есть балкон,5,Общ,Кирпичные,Ключевая,1975.0,12.5,2.5,открытый двор,1,0,Косметический ремонт,570.0
5330484,0,0,Пластиковые,есть,0,0,0,0,Есть балкон,2,Инд,Кирпичные,Зарека,1952.0,77.6,2.5,открытый двор,3,0,Современный ремонт,4000.0
5308295,0,0,Пластиковые,есть,0,0,0,0,Есть балкон,5,Инд,Панельные,Кукковка,2015.0,34.0,2.5,открытый двор,1,0,Косметический ремонт,2700.0
5324062,0,0,Деревянные,есть,0,0,0,0,Есть балкон,9,75 ,Панельные,Кукковка,1986.0,39.2,2.5,открытый двор,1,0,Косметический ремонт,2360.0
5338232,0,0,Пластиковые,есть,0,0,0,0,Есть балкон,3,Инд,Кирпичные,Кукковка,2015.0,35.6,2.8,открытый двор,1,0,Косметический ремонт,2500.0
5342421,0,0,Пластиковые,есть,0,0,0,0,Есть балкон,9,Инд,Кирпичные,Перевалка,2008.0,74.0,2.5,открытый двор,3,0,Косметический ремонт,5590.0
5309447,0,0,Пластиковые,есть,0,0,0,0,Есть балкон,5,Инд,Панельные,Древлянка,2018.0,28.7,2.5,открытый двор,1,0,Косметический ремонт,2400.0
5344559,0,0,Пластиковые,есть,0,0,0,0,Есть балкон,9,Инд,Панельные,Древлянка,2015.0,36.0,2.5,открытый двор,2,0,Косметический ремонт,3225.0
5330811,0,0,Пластиковые,отсутствует,0,0,0,0,Нет балкона,3,Инд,Блочные,Зарека,1958.0,30.0,2.97,открытый двор,1,0,Косметический ремонт,2050.0
5351088,0,0,Пластиковые,есть,1,0,0,0,Есть балкон,5,Инд,Панельные,Древлянка,2021.0,60.0,2.7,закрытый двор,3,0,Улучшенная черновая отделка,3300.0
5310607,0,0,Пластиковые,есть,0,0,0,0,Есть балкон,9,75 ,Панельные,Кукковка,1983.0,35.3,3.0,закрытый двор,1,0,Косметический ремонт,2550.0
5309113,0,0,Пластиковые,есть,0,0,0,0,Нет балкона,3,Инд,Кирпичные,Октябрьский,1960.0,43.6,2.5,открытый двор,2,0,Требует ремонта,2280.0
5305411,0,0,Пластиковые,есть,1,0,0,0,Есть балкон,5,Инд,Панельные,Древлянка,2013.0,37.0,2.5,открытый двор,1,0,Косметический ремонт,2990.0
5345036,0,0,Пластиковые,есть,0,0,0,0,Есть балкон,9,75 ,Панельные,Кукковка,1985.0,21.0,2.5,открытый двор,1,0,Черновая отделка,750.0
5316779,0,0,Пластиковые,есть,0,0,0,0,Есть балкон,5,Инд,Панельные,Зарека,1963.0,30.4,2.5,открытый двор,1,0,Косметический ремонт,2260.0
5260107,0,0,Пластиковые,есть,0,0,0,0,Есть балкон,5,Инд,Кирпичные,Голиковка,1971.0,57.3,2.5,открытый двор,3,0,Частичный ремонт,3500.0
5292452,0,0,Пластиковые,есть,0,0,0,0,Есть балкон,5,1-335,Панельные,Октябрьский,1968.0,43.5,2.5,открытый двор,2,0,Косметический ремонт,2700.0
5294534,0,0,Пластиковые,есть,0,0,0,0,Есть балкон,5,Инд,Панельные,Кукковка,2014.0,33.1,2.5,открытый двор,1,0,Косметический ремонт,2650.0
5253090,0,0,Пластиковые,есть,0,0,0,0,Есть балкон,5,Хрущ,Кирпичные,Голиковка,1974.0,49.0,2.5,открытый двор,2,0,Косметический ремонт,2850.0
5226141,0,0,Пластиковые,есть,0,0,0,0,Есть балкон,5,Инд,Кирпичные,Голиковка,1992.0,56.2,2.5,открытый двор,3,0,Косметический ремонт,3580.0
5262388,0,0,Пластиковые,есть,0,0,0,0,Есть балкон,9,75 ,Панельные,Древлянка,1989.0,53.0,2.5,открытый двор,2,0,Косметический ремонт,3700.0
5245620,0,0,Деревянные,отсутствует,0,0,0,0,Нет балкона,5,Общ,Кирпичные,Ключевая,1984.0,18.0,2.5,открытый двор,1,0,Косметический ремонт,550.0
5243905,0,0,Деревянные,есть,0,0,0,0,Нет балкона,4,Инд,Кирпичные,Первомайский,1954.0,56.8,2.5,открытый двор,3,0,Косметический ремонт,2700.0
5239076,0,0,Пластиковые,есть,0,0,0,0,Есть балкон,2,Инд,Деревянные,Центр,1992.0,33.0,2.5,открытый двор,1,0,Частичный ремонт,1200.0
5273623,0,0,Пластиковые,есть,0,0,0,0,Есть балкон,2,Инд,Деревянные,Зарека,1992.0,26.0,2.5,открытый двор,1,0,Косметический ремонт,1050.0
5276039,0,0,Деревянные,есть,0,0,0,0,Нет балкона,5,Инд,Кирпичные,Голиковка,1963.0,29.7,2.5,открытый двор,1,0,Частичный ремонт,1980.0
5227808,0,0,Пластиковые,есть,0,0,0,0,Есть балкон,3,Инд,Кирпичные,Древлянка,2003.0,46.7,2.5,открытый двор,2,0,Современный ремонт,3480.0
5249132,0,0,Пластиковые,есть,0,0,0,0,Нет балкона,2,Инд,Кирпичные,Зарека,1950.0,59.5,2.75,открытый двор,3,0,Частичный ремонт,2300.0
5267154,0,0,Пластиковые,есть,0,0,0,0,Есть балкон,4,А-1,Кирпичные,Октябрьский,1961.0,55.8,2.5,открытый двор,3,0,Косметический ремонт,2945.0
5266708,0,0,Пластиковые,есть,0,0,0,0,Нет балкона,5,Инд,Блочные,Голиковка,1969.0,48.7,2.5,открытый двор,2,0,Косметический ремонт,2900.0
5272104,0,0,Пластиковые,есть,0,0,0,0,Есть балкон,2,А-1,Деревянные,Перевалка,1957.0,56.0,2.5,открытый двор,2,0,Косметический ремонт,1965.0
5229882,0,0,Пластиковые,есть,0,0,0,0,Есть балкон,5,Инд,Кирпичные,Зарека,2006.0,69.0,2.5,закрытый двор,2,0,Косметический ремонт,5490.0
5242397,0,0,Пластиковые,есть,0,0,0,0,Есть балкон,7,Инд,Кирпичные,Перевалка,2003.0,95.6,2.5,открытый двор,3,0,Современный ремонт,6500.0
5275450,0,0,Пластиковые,есть,0,0,0,0,Есть балкон,9,Инд,Панельные,Древлянка,2018.0,42.0,2.5,открытый двор,2,0,Улучшенная черновая отделка,3700.0
5243309,1,1,Пластиковые,есть,0,0,0,0,Лоджия,5,Инд,Панельные,Ключевая,2012.0,69.0,2.5,открытый двор,3,0,Современный ремонт,4500.0
5244797,0,0,Пластиковые,есть,0,0,0,0,Есть балкон,9,Инд,Панельные,Древлянка,2018.0,64.6,2.5,открытый двор,3,0,Современный ремонт,5750.0
5248598,1,1,Пластиковые,есть,0,1,1,1,Есть балкон,11,75 ,Панельные,Древлянка,1994.0,74.6,2.5,открытый двор,4,0,Косметический ремонт,4300.0
5193123,0,0,Пластиковые,есть,0,0,0,0,Нет балкона,3,Инд,Кирпичные,Голиковка,1951.0,58.9,2.95,открытый двор,2,0,Косметический ремонт,4050.0
5167683,0,0,Пластиковые,есть,0,0,0,0,Два балкона и более,16,Инд,Монолитные,Древлянка,1997.0,85.5,2.5,открытый двор,4,0,Современный ремонт,6500.0
5147575,0,0,Деревянные,отсутствует,0,0,0,0,Есть балкон,9,Общ,Кирпичные,Ключевая,1980.0,16.6,2.5,открытый двор,1,0,Косметический ремонт,699.0
5131859,0,0,Пластиковые,есть,0,0,0,0,Нет балкона,9,Инд,Панельные,Голиковка,1977.0,55.3,2.5,открытый двор,2,0,Косметический ремонт,4000.0
5163089,0,0,Пластиковые,есть,0,0,0,0,Есть балкон,5,1-335А,Панельные,Голиковка,1966.0,56.3,2.5,открытый двор,3,0,Современный ремонт,3570.0
5162077,0,0,Пластиковые,есть,0,0,0,0,Нет балкона,5,Инд,Панельные,Древлянка,2017.0,36.0,2.5,открытый двор,1,0,Косметический ремонт,2950.0
5228222,0,0,Пластиковые,есть,0,0,0,0,Есть балкон,5,Инд,Панельные,Голиковка,1980.0,46.3,2.5,открытый двор,2,0,Современный ремонт,3400.0
5227518,0,0,Пластиковые,есть,0,0,0,0,Есть балкон,5,Инд,Панельные,Древлянка,2017.0,33.5,2.5,открытый двор,1,0,Современный ремонт,2750.0
5173168,0,0,Пластиковые,есть,0,0,0,0,Есть балкон,5,Инд,Кирпичные,Октябрьский,1992.0,31.9,2.5,открытый двор,1,0,Косметический ремонт,2379.0
5180509,0,0,Пластиковые,отсутствует,1,0,0,0,Есть балкон,5,Инд,Кирпичные,Сулажгора,2010.0,65.0,2.5,открытый двор,2,0,Современный ремонт,5150.0
5160434,0,0,Пластиковые,есть,0,0,0,0,Есть балкон,9,Инд,Панельные,Перевалка,1992.0,68.0,2.55,открытый двор,3,0,Косметический ремонт,4370.0
5229266,0,0,Пластиковые,есть,1,0,0,0,Есть балкон,9,Инд,Монолитные,Центр,2018.0,41.3,2.75,открытый двор,2,1,Улучшенная черновая отделка,4590.0
5219620,0,0,Пластиковые,есть,0,0,0,0,Есть балкон,2,Инд,Блочные,Перевалка,1992.0,40.5,2.5,открытый двор,2,0,Частичный ремонт,2700.0
5123378,0,0,Пластиковые,есть,0,0,0,0,Есть балкон,5,Инд,Панельные,Перевалка,2014.0,75.0,2.5,открытый двор,3,0,Косметический ремонт,7100.0
5161797,0,0,Пластиковые,есть,0,0,0,0,Есть балкон,3,Инд,Панельные,Древлянка,1992.0,57.0,2.5,открытый двор,2,0,Современный ремонт,4990.0
5211240,0,0,Пластиковые,есть,1,0,0,0,Есть балкон,21,Инд,Панельные,Перевалка,2015.0,52.5,2.5,открытый двор,2,1,Косметический ремонт,4600.0
5214234,0,0,Пластиковые,есть,0,0,0,0,Есть балкон,2,Инд,Деревянные,Первомайский,1992.0,34.3,2.5,открытый двор,2,0,Косметический ремонт,1560.0
5221455,0,0,Пластиковые,есть,1,0,0,0,Есть балкон,5,Инд,Панельные,Древлянка,1992.0,36.0,2.75,открытый двор,1,0,Современный ремонт,4000.0
5144941,0,0,Пластиковые,есть,0,0,0,0,Есть балкон,5,Инд,Панельные,Ключевая,1974.0,43.7,2.5,открытый двор,2,0,Косметический ремонт,1950.0
5139663,0,0,Пластиковые,есть,0,0,0,0,Есть балкон,8,Инд,Кирпичные,Октябрьский,2013.0,36.5,2.5,открытый двор,1,0,Косметический ремонт,3600.0
5208966,0,0,Пластиковые,есть,0,0,0,0,Нет балкона,3,Инд,Кирпичные,Ключевая,2017.0,53.4,2.5,открытый двор,3,0,Современный ремонт,4000.0
5188737,0,0,Пластиковые,есть,0,0,0,0,Есть балкон,9,Общ,Кирпичные,Ключевая,1980.0,18.0,2.5,открытый двор,1,0,Косметический ремонт,580.0
5173893,0,0,Пластиковые,есть,0,0,0,0,Есть балкон,5,Инд,Панельные,Кукковка,1992.0,62.2,2.5,открытый двор,3,0,Косметический ремонт,3670.0
5208762,0,0,Пластиковые,есть,0,0,0,0,Лоджия,16,Инд,Монолитные,Ключевая,1992.0,45.4,2.5,открытый двор,1,0,Современный ремонт,3150.0
5092035,0,0,Пластиковые,есть,0,0,0,0,Есть балкон,5,Общ,Кирпичные,Сулажгора,1990.0,13.0,2.5,открытый двор,1,0,Косметический ремонт,440.0
5099640,0,0,Деревянные,есть,0,0,0,0,Нет балкона,2,Инд,Деревянные,Первомайский,1961.0,25.0,2.5,открытый двор,1,0,Косметический ремонт,1240.0
5081117,0,0,Пластиковые,есть,0,0,0,0,Есть балкон,4,Инд,Панельные,Кукковка,2020.0,63.0,2.5,открытый двор,2,0,Улучшенная черновая отделка,3500.0
5090686,0,0,Пластиковые,есть,0,0,0,0,Нет балкона,2,Инд,Деревянные,Центр,1934.0,60.8,2.9,открытый двор,3,0,Косметический ремонт,2600.0
5079549,0,0,Пластиковые,есть,0,0,0,0,Есть балкон,9,75 ,Панельные,Древлянка,1994.0,25.3,2.5,открытый двор,1,0,Косметический ремонт,2200.0
5047639,0,0,Пластиковые,есть,0,0,0,0,Есть балкон,5,Инд,Кирпичные,Центр,1992.0,43.2,2.5,открытый двор,2,0,Косметический ремонт,3000.0
5081409,0,0,Пластиковые,есть,0,0,0,0,Есть балкон,4,Инд,Панельные,Кукковка,2021.0,97.0,2.5,открытый двор,3,0,Улучшенная черновая отделка,5600.0
4921461,0,0,Пластиковые,есть,0,0,0,0,Есть балкон,5,Общ,Кирпичные,Сулажгора,1990.0,17.4,2.5,открытый двор,1,0,Косметический ремонт,685.0
5041884,0,0,Пластиковые,есть,0,0,0,0,Есть балкон,16,Инд,Монолитные,Ключевая,2020.0,41.3,2.55,открытый двор,2,0,Современный ремонт,3500.0
5081376,0,0,Пластиковые,есть,0,0,0,0,Есть балкон,4,Инд,Панельные,Кукковка,2020.0,63.0,2.5,открытый двор,2,0,Улучшенная черновая отделка,3350.0
5053782,0,0,Пластиковые,есть,0,0,0,0,Есть балкон,5,Инд,Кирпичные,Зарека,1981.0,47.1,2.5,открытый двор,2,0,Косметический ремонт,2875.0
5125277,0,0,Пластиковые,есть,0,0,0,0,Есть балкон,5,Инд,Панельные,Древлянка,2014.0,36.1,2.5,открытый двор,1,0,Косметический ремонт,2900.0
5062739,0,0,Пластиковые,есть,0,0,0,0,Есть балкон,5,Инд,Панельные,Древлянка,2019.0,35.4,2.5,открытый двор,2,0,Улучшенная черновая отделка,2575.0
5111872,0,0,Пластиковые,есть,0,0,0,0,Есть балкон,5,Общ,Кирпичные,Ключевая,1975.0,18.0,2.5,открытый двор,1,0,Косметический ремонт,790.0
5117232,0,0,Пластиковые,есть,0,0,0,0,Есть балкон,5,Инд,Кирпичные,Зарека,1962.0,31.0,2.5,открытый двор,1,0,Косметический ремонт,2099.0
5094215,0,0,Пластиковые,есть,0,0,0,0,Есть балкон,5,"75.1, 3-75",Панельные,Кукковка,1984.0,58.8,2.5,открытый двор,4,0,Косметический ремонт,3949.0
5088911,0,0,Пластиковые,есть,0,0,0,0,Есть балкон,5,Инд,Панельные,Центр,1957.0,76.7,3.0,открытый двор,3,0,Косметический ремонт,3950.0
5083177,0,0,Пластиковые,есть,0,0,0,0,Есть балкон,5,Инд,Панельные,Древлянка,2015.0,33.9,2.5,открытый двор,1,0,Косметический ремонт,2790.0
5066220,0,0,Пластиковые,есть,0,0,0,0,Есть балкон,3,1-335А,Кирпичные,Центр,1948.0,102.0,2.5,открытый двор,5,0,Современный ремонт,7200.0
5066320,0,0,Пластиковые,есть,0,0,0,0,Есть балкон,3,1-335А,Кирпичные,Центр,1948.0,107.0,2.5,открытый двор,5,0,Современный ремонт,7200.0
5117944,0,0,Пластиковые,есть,0,0,0,0,Есть балкон,9,Инд,Кирпичные,Голиковка,1979.0,60.0,2.5,открытый двор,3,0,Современный ремонт,4500.0
5081396,0,0,Пластиковые,есть,0,0,0,0,Есть балкон,4,Инд,Панельные,Кукковка,2021.0,63.0,2.5,открытый двор,2,0,Улучшенная черновая отделка,3500.0
5062609,0,0,Пластиковые,есть,0,1,1,1,Есть балкон,9,Инд,Кирпичные,Голиковка,1979.0,48.8,2.5,открытый двор,2,0,Современный ремонт,4080.0
5045668,0,0,Пластиковые,есть,0,0,0,0,Нет балкона,9,Общ,Кирпичные,Голиковка,1974.0,18.0,2.5,открытый двор,1,0,Косметический ремонт,790.0
5041508,0,0,Пластиковые,есть,0,0,0,0,Есть балкон,5,Общ,Кирпичные,Зарека,1979.0,23.0,2.5,открытый двор,1,0,Косметический ремонт,900.0
5095990,0,0,Пластиковые,есть,0,0,0,0,Есть балкон,5,Общ,Кирпичные,Центр,1978.0,17.0,2.5,открытый двор,1,0,Современный ремонт,850.0
5059091,0,0,Пластиковые,есть,0,1,1,1,Есть балкон,4,1-335,Кирпичные,Центр,1956.0,56.6,2.5,закрытый двор,2,0,Современный ремонт,4200.0
5024912,0,0,Пластиковые,есть,0,0,0,0,Нет балкона,5,Инд,Блочные,Центр,1964.0,30.9,2.5,открытый двор,1,0,Современный ремонт,2290.0
4988019,0,0,Пластиковые,есть,0,0,0,0,Есть балкон,5,Инд,Кирпичные,Кукковка,2003.0,43.0,2.55,открытый двор,1,0,Косметический ремонт,3000.0
4888103,0,0,Пластиковые,есть,0,0,0,0,Есть балкон,15,Инд,Монолитные,Кукковка,2008.0,38.1,2.5,открытый двор,1,0,Современный ремонт,3150.0
4990882,0,0,Пластиковые,есть,0,0,0,0,Есть балкон,9,75 ,Панельные,Древлянка,1991.0,65.0,2.5,открытый двор,3,0,Современный ремонт,4080.0
4921264,0,0,Деревянные,есть,0,0,0,0,Есть балкон,5,Инд,Кирпичные,Зарека,1981.0,79.2,2.5,открытый двор,3,0,Частичный ремонт,3300.0
4902759,0,0,Пластиковые,есть,0,0,0,0,Есть балкон,9,Инд,Монолитные,Центр,2018.0,72.0,2.75,закрытый двор,3,1,Улучшенная черновая отделка,6190.0
5027502,0,0,Пластиковые,есть,0,0,0,0,Есть балкон,5,Инд,Панельные,Древлянка,2016.0,54.0,2.5,открытый двор,2,0,Современный ремонт,3800.0
4970321,0,0,Пластиковые,есть,0,0,0,0,Есть балкон,5,Инд,Кирпичные,Октябрьский,1976.0,47.0,2.5,открытый двор,2,0,Современный ремонт,3380.0
4898754,0,0,Пластиковые,есть,0,0,0,0,Есть балкон,9,75 ,Панельные,Кукковка,1985.0,36.0,2.5,открытый двор,1,0,Косметический ремонт,2450.0
5038953,0,0,Пластиковые,есть,0,0,0,0,Есть балкон,5,Общ,Кирпичные,Октябрьский,1958.0,12.0,2.5,открытый двор,1,0,Косметический ремонт,460.0
4935188,0,0,Пластиковые,есть,0,0,0,0,Есть балкон,9,Инд,Монолитные,Древлянка,2018.0,43.0,2.5,открытый двор,2,0,Современный ремонт,4800.0
5040665,0,0,Пластиковые,есть,0,0,0,0,Есть балкон,16,Инд,Монолитные,Первомайский,1992.0,3.4,2.5,открытый двор,1,1,Черновая отделка,2800.0
4937512,0,0,Пластиковые,есть,0,0,0,0,Есть балкон,9,Инд,Панельные,Перевалка,1985.0,69.0,2.5,открытый двор,3,0,Современный ремонт,4700.0
4907978,0,0,Пластиковые,есть,0,0,0,0,Есть балкон,5,Инд,Панельные,Сулажгора,1977.0,60.4,2.5,открытый двор,4,0,Косметический ремонт,3350.0
4937625,0,0,Пластиковые,есть,0,0,0,0,Нет балкона,2,Инд,Кирпичные,Кукковка,1964.0,44.5,2.5,открытый двор,2,0,Косметический ремонт,2560.0
4888730,0,0,Пластиковые,есть,0,0,0,0,Есть балкон,9,Инд,Панельные,Октябрьский,1980.0,53.5,2.5,открытый двор,2,0,Косметический ремонт,3595.0
4880292,0,0,Пластиковые,есть,0,0,0,0,Есть балкон,20,Инд,Монолитные,Древлянка,2016.0,45.2,2.5,открытый двор,2,0,Косметический ремонт,3700.0
4909334,0,0,Пластиковые,есть,0,0,0,0,Есть балкон,5,Общ,Кирпичные,Центр,1978.0,19.0,2.5,открытый двор,1,0,Современный ремонт,1000.0
5004434,0,0,Пластиковые,есть,0,0,0,0,Нет балкона,5,Инд,Панельные,Центр,1965.0,33.6,2.5,открытый двор,1,0,Косметический ремонт,2600.0
4886542,0,0,Пластиковые,есть,0,0,0,0,Есть балкон,5,Инд,Панельные,Перевалка,2013.0,48.3,2.55,открытый двор,2,0,Современный ремонт,3800.0
4914751,0,0,Пластиковые,есть,0,0,0,0,Есть балкон,4,Инд,Кирпичные,Центр,1992.0,56.6,2.9,открытый двор,2,0,Косметический ремонт,4350.0
4880327,0,0,Пластиковые,есть,0,0,0,0,Есть балкон,4,Инд,Кирпичные,Центр,1963.0,79.2,2.5,открытый двор,3,0,Частичный ремонт,3700.0
4891309,0,0,Пластиковые,есть,0,0,0,0,Есть балкон,5,Общ,Кирпичные,Центр,1965.0,16.6,2.5,открытый двор,1,0,Частичный ремонт,750.0
4918287,0,0,Пластиковые,есть,0,0,0,0,Есть балкон,5,Инд,Кирпичные,Сулажгора,2011.0,63.4,2.5,открытый двор,2,0,Современный ремонт,3699.0
4845893,0,0,Деревянные,есть,0,0,0,0,Лоджия,9,Инд,Панельные,Кукковка,1985.0,74.7,2.5,открытый двор,4,0,Частичный ремонт,3990.0
4855172,0,0,Пластиковые,есть,0,0,0,0,Нет балкона,5,Инд,Панельные,Октябрьский,1971.0,44.0,2.5,открытый двор,2,0,Косметический ремонт,3000.0
4781002,0,0,Пластиковые,есть,0,0,0,0,Нет балкона,2,Инд,Деревянные,Центр,1992.0,20.0,2.5,открытый двор,1,0,Косметический ремонт,1200.0
4827542,0,0,Пластиковые/деревянные,есть,0,0,0,0,Нет балкона,2,Инд,Деревянные,Зарека,1953.0,39.6,2.5,открытый двор,2,0,Косметический ремонт,1400.0
4804740,0,0,Пластиковые,есть,1,0,0,0,Есть балкон,5,Инд,Панельные,Кукковка,2015.0,56.1,2.5,открытый двор,2,0,Современный ремонт,3600.0
4820768,0,0,Пластиковые,есть,0,0,0,0,Два балкона и более,3,Инд,Кирпичные,Зарека,1958.0,69.0,2.5,открытый двор,3,0,Частичный ремонт,3200.0
4881858,0,0,Пластиковые,есть,0,0,0,0,Есть балкон,16,2-68-1-0,Панельные,Кукковка,1991.0,63.8,2.5,открытый двор,3,0,Косметический ремонт,3300.0
4850960,0,0,Пластиковые,есть,0,0,0,0,Есть балкон,5,Инд,Кирпичные,Центр,1960.0,66.3,3.2,открытый двор,3,0,Косметический ремонт,4500.0
4835675,0,0,Пластиковые,есть,0,0,0,0,Есть балкон,2,Инд,Деревянные,Октябрьский,1992.0,35.3,2.5,открытый двор,2,0,Косметический ремонт,1250.0
4859346,0,0,Пластиковые,есть,1,0,0,0,Есть балкон,5,Общ,Кирпичные,Голиковка,1979.0,12.0,2.5,открытый двор,1,0,Косметический ремонт,570.0
4854632,0,0,Пластиковые,есть,0,0,0,0,Есть балкон,4,Инд,Кирпичные,Зарека,1992.0,59.0,2.5,открытый двор,2,0,Современный ремонт,3900.0
4876081,0,0,Пластиковые,есть,0,0,0,0,Есть балкон,9,Инд,Кирпичные,Октябрьский,2000.0,76.8,2.5,открытый двор,4,0,Современный ремонт,6580.0
4723532,0,0,Пластиковые,есть,0,0,0,0,Есть балкон,5,Общ,Кирпичные,Октябрьский,1978.0,11.7,2.5,открытый двор,1,0,Косметический ремонт,550.0
4821134,0,0,Пластиковые,есть,0,0,0,0,Есть балкон,2,Инд,Кирпичные,Перевалка,1992.0,52.0,2.5,открытый двор,2,0,Частичный ремонт,3250.0
4719016,0,0,Пластиковые,есть,0,0,0,0,Есть балкон,5,Хрущ,Кирпичные,Центр,1966.0,42.0,2.5,открытый двор,2,0,Косметический ремонт,2650.0
4743175,0,0,Пластиковые,есть,0,0,0,0,Есть балкон,5,Общ,Кирпичные,Центр,1966.0,13.0,2.5,открытый двор,1,0,Требует ремонта,550.0
4791056,0,0,Пластиковые,есть,0,0,0,0,Есть балкон,9,Инд,Панельные,Ключевая,2008.0,42.0,2.7,открытый двор,1,0,Косметический ремонт,2600.0
4851657,0,0,Пластиковые,есть,0,0,0,0,Есть балкон,10,75 ,Панельные,Древлянка,1992.0,36.0,2.5,открытый двор,1,0,Косметический ремонт,2500.0
4814796,0,0,Пластиковые,есть,0,0,0,0,Нет балкона,4,Общ,Кирпичные,Перевалка,1961.0,11.0,2.5,открытый двор,1,0,Косметический ремонт,500.0
4639914,0,0,Пластиковые,есть,0,0,0,0,Есть балкон,5,Инд,Панельные,Голиковка,1992.0,98.0,2.5,открытый двор,4,0,Косметический ремонт,5900.0
4694789,0,0,Пластиковые,есть,1,0,0,0,Есть балкон,4,75 ,Панельные,Древлянка,1990.0,77.4,2.5,закрытый двор,3,0,Современный ремонт,5800.0
4616564,0,0,Пластиковые,есть,0,0,0,0,Есть балкон,5,Общ,Панельные,Зарека,1969.0,13.0,2.5,открытый двор,1,0,Косметический ремонт,700.0
4699867,0,0,Пластиковые,есть,0,0,0,0,Есть балкон,2,Инд,Блочные,Перевалка,1992.0,94.0,2.5,открытый двор,3,0,Черновая отделка,3280.0
4652455,0,0,Пластиковые,есть,0,0,0,0,Балкон и лоджия,9,Инд,Монолитные,Древлянка,2017.0,41.4,2.5,открытый двор,1,0,Современный ремонт,4700.0
4564358,0,0,Деревянные,есть,0,0,0,0,Нет балкона,5,Общ,Кирпичные,Зарека,1979.0,13.0,2.5,открытый двор,1,0,Косметический ремонт,620.0
4692040,0,0,Пластиковые,есть,0,0,0,0,Есть балкон,12,Инд,Блочные,Ключевая,2011.0,38.0,2.5,открытый двор,1,0,Косметический ремонт,2300.0
4679666,0,0,Пластиковые,есть,0,0,0,0,Нет балкона,5,Общ,Панельные,Зарека,1969.0,18.0,2.5,открытый двор,1,0,Косметический ремонт,830.0
4657635,0,0,Пластиковые,есть,0,0,0,0,Есть балкон,10,75 ,Панельные,Древлянка,1991.0,70.0,2.5,открытый двор,4,0,Косметический ремонт,5145.0
4597975,0,0,Пластиковые,есть,0,0,0,0,Есть балкон,5,Общ,Кирпичные,Первомайский,1971.0,18.0,2.5,открытый двор,1,0,Косметический ремонт,1200.0
4590045,0,0,Деревянные,есть,0,0,0,0,Есть балкон,5,Общ,Панельные,Октябрьский,1978.0,12.0,2.5,открытый двор,1,0,Частичный ремонт,660.0
4684284,0,0,Пластиковые,есть,0,0,0,0,Есть балкон,5,Общ,Кирпичные,Голиковка,1960.0,12.0,2.5,открытый двор,1,0,Косметический ремонт,550.0
4568095,0,0,Пластиковые,есть,0,0,0,0,Есть балкон,12,Инд,Кирпичные,Кукковка,1997.0,50.0,2.5,открытый двор,2,0,Частичный ремонт,3399.0
4640547,0,0,Пластиковые,есть,0,0,0,0,Есть балкон,5,Инд,Кирпичные,Октябрьский,1988.0,33.5,2.75,открытый двор,1,0,Косметический ремонт,2450.0
4665707,0,0,Деревянные,есть,0,0,0,0,Нет балкона,5,Общ,Кирпичные,Перевалка,1976.0,12.7,2.5,открытый двор,1,0,Косметический ремонт,550.0
4587497,0,0,Пластиковые,есть,0,0,0,0,Есть балкон,3,Инд,Блочные,Ключевая,1967.0,31.0,2.5,открытый двор,1,0,Косметический ремонт,1800.0
4683347,0,0,Пластиковые,есть,0,0,0,0,Есть балкон,5,Общ,Кирпичные,Зарека,1979.0,19.7,2.5,открытый двор,1,0,Косметический ремонт,820.0
4615888,0,0,Деревянные,есть,0,0,0,0,Лоджия,9,75 ,Панельные,Кукковка,1985.0,70.3,2.5,открытый двор,4,0,Частичный ремонт,2800.0
4564920,0,0,Пластиковые,есть,0,0,0,0,Есть балкон,5,Инд,Кирпичные,Ключевая,1982.0,13.0,2.5,открытый двор,1,0,Косметический ремонт,600.0
4530588,0,0,Пластиковые/деревянные,есть,0,0,0,0,Есть балкон,3,Инд,Кирпичные,Первомайский,1957.0,72.0,3.0,открытый двор,3,0,Косметический ремонт,4000.0
4414316,0,0,Пластиковые,есть,0,0,0,0,Есть балкон,16,Инд,Монолитные,Ключевая,2016.0,42.0,2.5,открытый двор,2,0,Косметический ремонт,3200.0
4500403,0,0,Пластиковые,есть,0,0,0,0,Есть балкон,9,Инд,Монолитные,Древлянка,2017.0,56.1,2.5,открытый двор,2,0,Современный ремонт,6510.0
4432300,0,0,Пластиковые,есть,0,0,0,0,Есть балкон,9,Общ,Кирпичные,Голиковка,1974.0,12.1,2.5,открытый двор,1,0,Современный ремонт,550.0
4310849,0,0,Пластиковые,есть,0,0,0,0,Есть балкон,5,Общ,Кирпичные,Зарека,1982.0,18.0,2.5,открытый двор,1,0,Косметический ремонт,890.0
4386226,0,0,Пластиковые,есть,0,0,0,0,Есть балкон,5,Общ,Кирпичные,Октябрьский,1958.0,89.0,2.5,открытый двор,5,0,Косметический ремонт,2900.0
4331495,0,0,Пластиковые,есть,0,0,0,0,Нет балкона,5,Общ,Кирпичные,Зарека,1979.0,13.0,2.5,открытый двор,1,0,Косметический ремонт,600.0
4319605,0,0,Пластиковые,есть,0,0,0,0,Нет балкона,5,Инд,Кирпичные,Зарека,1953.0,34.0,2.5,открытый двор,1,0,Косметический ремонт,2000.0
4508915,0,0,Пластиковые,есть,0,0,0,0,Есть балкон,2,Инд,Деревянные,Перевалка,1992.0,41.1,2.5,открытый двор,2,0,Косметический ремонт,1560.0
4344379,0,0,Пластиковые,есть,0,0,0,0,Есть балкон,9,Инд,Панельные,Перевалка,2008.0,60.0,2.75,открытый двор,2,0,Ремонт по дизайн проекту,5199.0
4474476,0,0,Пластиковые,есть,0,0,0,0,Нет балкона,5,Инд,Кирпичные,Перевалка,1983.0,18.0,2.5,открытый двор,1,0,Косметический ремонт,999.0
4505524,0,0,Пластиковые,есть,0,0,0,0,Есть балкон,9,75 ,Панельные,Древлянка,1992.0,55.3,2.5,открытый двор,2,0,Частичный ремонт,2650.0
4389654,0,0,Пластиковые,отсутствует,0,0,0,0,Нет балкона,5,Общ,Кирпичные,Сулажгора,1990.0,12.6,2.5,открытый двор,1,0,Косметический ремонт,540.0
4309302,0,0,Пластиковые,есть,0,0,0,0,Есть балкон,5,Инд,Панельные,Голиковка,1970.0,59.1,2.5,открытый двор,4,0,Косметический ремонт,3700.0
4471087,0,0,Пластиковые,есть,0,0,0,0,Нет балкона,5,Общ,Кирпичные,Зарека,1979.0,13.0,2.5,открытый двор,1,0,Косметический ремонт,600.0
4463435,0,0,Пластиковые,есть,0,0,0,0,Есть балкон,5,Общ,Кирпичные,Ключевая,1982.0,17.5,2.5,открытый двор,1,0,Косметический ремонт,650.0
4364160,0,0,Пластиковые,есть,0,0,0,0,Нет балкона,5,Общ,Кирпичные,Октябрьский,1980.0,18.5,2.5,открытый двор,1,0,Косметический ремонт,800.0
4342447,0,0,Пластиковые,есть,0,0,0,0,Нет балкона,5,Общ,Панельные,Зарека,1969.0,13.0,2.5,открытый двор,1,0,Косметический ремонт,500.0
4376522,0,0,Пластиковые,есть,0,0,0,0,Есть балкон,9,Инд,Блочные,Кукковка,1992.0,37.0,2.5,открытый двор,1,0,Косметический ремонт,2060.0
4561287,0,0,Пластиковые,есть,0,0,0,0,Есть балкон,10,Инд,Панельные,Октябрьский,1994.0,36.9,2.5,открытый двор,1,0,Косметический ремонт,2300.0
4394987,0,0,Пластиковые,есть,0,0,0,0,Есть балкон,5,75 ,Панельные,Кукковка,1980.0,85.8,2.5,открытый двор,4,0,Косметический ремонт,3899.0
4480107,0,0,Пластиковые,есть,0,0,0,0,Есть балкон,9,75 ,Панельные,Древлянка,1982.0,71.0,2.5,открытый двор,4,0,Косметический ремонт,4200.0
4123841,0,0,Пластиковые/деревянные,есть,0,0,0,0,Нет балкона,9,Инд,Кирпичные,Голиковка,1977.0,83.7,3.1,открытый двор,3,0,Косметический ремонт,4800.0
4270319,0,0,Пластиковые,есть,0,0,0,0,Есть балкон,5,Инд,Кирпичные,Голиковка,1984.0,13.0,2.5,открытый двор,1,0,Современный ремонт,600.0
4304769,0,0,Пластиковые/деревянные,есть,0,0,0,0,Есть балкон,5,Инд,Панельные,Перевалка,1999.0,38.5,2.5,открытый двор,1,0,Косметический ремонт,2750.0
4304870,0,0,Пластиковые,есть,0,0,0,0,Нет балкона,5,Общ,Панельные,Зарека,1969.0,16.0,2.5,открытый двор,1,0,Современный ремонт,690.0
4216722,0,0,Пластиковые,есть,0,0,0,0,Есть балкон,2,Инд,Деревянные,Октябрьский,1967.0,48.6,2.5,открытый двор,2,0,Косметический ремонт,2500.0
4099873,0,0,Пластиковые,есть,0,0,0,0,Есть балкон,5,Инд,Панельные,Голиковка,2009.0,81.4,2.7,открытый двор,3,0,Косметический ремонт,4599.0
4291848,0,0,Пластиковые,отсутствует,0,0,0,0,Есть балкон,5,Инд,Кирпичные,Зарека,1982.0,13.0,2.5,открытый двор,1,0,Косметический ремонт,600.0
4167465,0,0,Пластиковые,есть,0,0,0,0,Есть балкон,4,Инд,Панельные,Древлянка,2014.0,62.1,2.5,открытый двор,3,0,Косметический ремонт,4250.0
4084360,0,0,Пластиковые,есть,1,0,0,0,Нет балкона,2,Инд,Деревянные,Первомайский,1986.0,40.9,2.5,открытый двор,1,0,Косметический ремонт,1100.0
4167006,0,0,Пластиковые,есть,0,0,0,0,Есть балкон,5,Инд,Панельные,Октябрьский,1966.0,32.0,2.5,открытый двор,1,0,Косметический ремонт,2360.0
4293465,0,0,Пластиковые,есть,0,0,0,0,Есть балкон,10,75 ,Панельные,Древлянка,1990.0,41.0,2.5,открытый двор,1,0,Косметический ремонт,2800.0
4077667,0,0,Пластиковые,есть,0,0,0,0,Нет балкона,5,Инд,Панельные,Зарека,1976.0,47.9,2.5,открытый двор,2,0,Косметический ремонт,2480.0
4151287,0,0,Пластиковые,есть,0,0,0,0,Есть балкон,4,Инд,Кирпичные,Центр,1952.0,63.8,3.25,открытый двор,3,0,Современный ремонт,4820.0
4249387,0,0,Пластиковые,есть,0,0,0,0,Есть балкон,4,Инд,Кирпичные,Центр,1986.0,69.4,3.15,открытый двор,3,0,Современный ремонт,7000.0
4286684,0,0,Пластиковые,есть,0,0,0,0,Нет балкона,2,Инд,Деревянные,Первомайский,1992.0,66.9,2.5,открытый двор,3,0,Частичный ремонт,1650.0
4306374,0,0,Пластиковые,есть,0,0,0,0,Есть балкон,4,Инд,Кирпичные,Центр,1959.0,87.8,2.5,открытый двор,2,0,Частичный ремонт,4200.0
4305691,0,0,Пластиковые,есть,0,0,0,0,Есть балкон,9,Общ,Кирпичные,Первомайский,2004.0,18.0,2.5,открытый двор,1,0,Косметический ремонт,750.0
4063914,0,0,Пластиковые,есть,0,0,0,0,Есть балкон,5,335-с,Панельные,Кукковка,1979.0,72.0,2.5,открытый двор,4,0,Косметический ремонт,3770.0
4235899,0,0,Пластиковые,есть,0,0,0,0,Есть балкон,6,Инд,Кирпичные,Первомайский,2003.0,60.2,2.6,закрытый двор,2,0,Современный ремонт,5200.0
3904353,0,0,Пластиковые,есть,0,0,0,0,Есть балкон,5,Инд,Панельные,Кукковка,1979.0,53.7,2.5,открытый двор,2,0,Частичный ремонт,2900.0
3767727,0,0,Пластиковые,есть,0,0,0,0,Есть балкон,5,Инд,Кирпичные,Центр,2004.0,75.9,3.05,закрытый двор,2,0,Косметический ремонт,5799.0
3908456,0,0,Пластиковые,отсутствует,1,0,0,0,Есть балкон,10,Инд,Монолитные,Древлянка,2021.0,37.0,2.8,открытый двор,1,0,Улучшенная черновая отделка,2550.0
3877620,0,0,Пластиковые,есть,0,0,0,0,Нет балкона,3,Инд,Кирпичные,Зарека,1954.0,60.3,3.0,открытый двор,2,0,Косметический ремонт,3290.0
4011658,0,0,Пластиковые,есть,0,0,0,0,Есть балкон,6,Инд,Кирпичные,Ключевая,1992.0,51.0,2.5,открытый двор,2,0,Косметический ремонт,3400.0
3835822,0,0,Пластиковые,есть,0,0,0,0,Есть балкон,9,Хрущ,Панельные,Октябрьский,1975.0,57.3,2.5,открытый двор,2,0,Косметический ремонт,2850.0
3789120,0,0,Пластиковые,есть,0,0,0,0,Есть балкон,5,Инд,Кирпичные,Зарека,1962.0,45.3,2.7,открытый двор,2,0,Современный ремонт,3850.0
3763106,0,0,Пластиковые,есть,0,0,0,0,Есть балкон,9,75 ,Панельные,Древлянка,1987.0,56.5,3.0,открытый двор,2,0,Косметический ремонт,3100.0
3840362,0,0,Пластиковые,есть,0,0,0,0,Есть балкон,5,Инд,Кирпичные,Центр,1959.0,44.6,2.5,открытый двор,2,0,Требует ремонта,2199.0
3910875,0,0,Пластиковые,есть,0,0,0,0,Нет балкона,5,Инд,Блочные,Голиковка,1969.0,44.9,2.5,открытый двор,2,0,Косметический ремонт,2670.0
3785347,0,0,Пластиковые,есть,0,0,0,0,Есть балкон,9,Общ,Кирпичные,Голиковка,1974.0,13.0,2.5,открытый двор,1,0,Косметический ремонт,550.0
3735488,0,0,Пластиковые,есть,0,0,0,0,Нет балкона,5,Инд,Кирпичные,Центр,1956.0,71.6,2.9,закрытый двор,3,0,Ремонт по дизайн проекту,5690.0
3983701,0,0,Пластиковые,есть,0,0,0,0,Есть балкон,9,Инд,Панельные,Кукковка,1983.0,87.7,2.5,закрытый двор,4,0,Современный ремонт,4500.0
3983636,0,0,Пластиковые,есть,0,0,0,0,Есть балкон,2,Инд,Блочные,Перевалка,1992.0,105.0,2.5,открытый двор,3,0,Современный ремонт,6000.0
3752094,0,0,Деревянные,есть,0,0,0,0,Нет балкона,3,Инд,Кирпичные,Зарека,1953.0,54.0,2.5,открытый двор,2,0,Косметический ремонт,2450.0
3759577,0,0,Пластиковые,есть,0,0,0,0,Есть балкон,16,2-68-1-0,Панельные,Кукковка,1990.0,63.6,2.5,открытый двор,3,0,Косметический ремонт,3880.0
3872737,0,0,Пластиковые,есть,0,0,0,0,Есть балкон,5,Общ,Кирпичные,Зарека,1979.0,18.0,2.5,открытый двор,1,0,Косметический ремонт,800.0
3833360,0,0,Пластиковые,есть,0,0,0,0,Есть балкон,5,Общ,Кирпичные,Сулажгора,1990.0,13.0,2.5,открытый двор,1,0,Косметический ремонт,450.0
3982986,0,0,Пластиковые,есть,0,0,0,0,Есть балкон,2,Инд,Деревянные,Перевалка,1964.0,40.3,2.5,открытый двор,2,0,Косметический ремонт,1450.0
3856275,0,0,Пластиковые,есть,0,0,0,0,Есть балкон,10,75 ,Панельные,Древлянка,1994.0,65.3,2.5,открытый двор,3,0,Современный ремонт,4500.0
3958269,0,0,Пластиковые,есть,0,0,0,0,Есть балкон,9,Инд,Кирпичные,Октябрьский,2010.0,61.0,2.7,открытый двор,3,0,Современный ремонт,4600.0
3960369,0,0,Пластиковые,есть,0,0,0,0,Есть балкон,5,Инд,Кирпичные,Центр,2005.0,79.0,2.5,открытый двор,2,0,Современный ремонт,6300.0
3673923,0,0,Пластиковые,есть,0,0,0,0,Есть балкон,9,Общ,Кирпичные,Первомайский,2004.0,11.5,2.5,открытый двор,1,0,Частичный ремонт,480.0
3687566,0,0,Пластиковые,есть,0,0,0,0,Есть балкон,2,Инд,Деревянные,Голиковка,1992.0,65.3,2.5,открытый двор,3,0,Частичный ремонт,2150.0
3719204,0,0,Пластиковые,есть,0,0,0,0,Есть балкон,5,Общ,Панельные,Кукковка,1983.0,18.0,2.5,открытый двор,1,0,Косметический ремонт,800.0
3676888,0,0,Пластиковые,есть,0,0,0,0,Есть балкон,5,335-с,Панельные,Кукковка,1978.0,63.7,2.5,открытый двор,3,0,Косметический ремонт,3550.0
3734826,0,0,Пластиковые,есть,0,0,0,0,Есть балкон,5,Общ,Кирпичные,Перевалка,1979.0,17.9,2.5,открытый двор,1,0,Косметический ремонт,850.0
3659947,0,0,Пластиковые,есть,0,0,0,0,Есть балкон,5,Инд,Кирпичные,Перевалка,1992.0,112.4,2.5,открытый двор,3,0,Современный ремонт,6100.0
3671463,0,0,Пластиковые,есть,0,0,0,0,Есть балкон,4,Инд,Кирпичные,Перевалка,2009.0,67.3,2.5,открытый двор,2,0,Косметический ремонт,5100.0
3692575,0,0,Пластиковые,есть,0,0,0,0,Есть балкон,5,Инд,Кирпичные,Сулажгора,2011.0,63.6,2.5,открытый двор,3,0,Современный ремонт,4500.0
3482512,0,0,Пластиковые,есть,0,0,0,0,Есть балкон,5,Инд,Блочные,Древлянка,2015.0,70.0,2.5,открытый двор,3,0,Современный ремонт,6100.0
3537797,0,0,Пластиковые,есть,0,0,0,0,Есть балкон,5,Инд,Панельные,Первомайский,1969.0,44.6,2.5,открытый двор,2,0,Современный ремонт,3100.0
3734774,0,0,Пластиковые,есть,0,0,0,0,Нет балкона,5,Общ,Кирпичные,Перевалка,1979.0,18.4,2.5,открытый двор,1,0,Косметический ремонт,850.0
3565921,0,0,Пластиковые,есть,0,0,0,0,Есть балкон,5,Инд,Кирпичные,Перевалка,1987.0,59.3,2.5,открытый двор,3,0,Косметический ремонт,3800.0
3494758,0,0,Пластиковые,есть,0,0,0,0,Есть балкон,9,Общ,Кирпичные,Голиковка,1974.0,18.0,2.5,открытый двор,1,0,Косметический ремонт,749.0
3602167,0,0,Деревянные,отсутствует,1,0,0,0,Нет балкона,2,Инд,Деревянные,Кукковка,1992.0,20.0,2.5,открытый двор,1,0,Косметический ремонт,550.0
3530816,0,0,Пластиковые,есть,0,0,0,0,Есть балкон,10,Инд,Кирпичные,Октябрьский,2010.0,35.6,2.5,открытый двор,1,0,Косметический ремонт,3400.0
3576826,0,0,Пластиковые,есть,0,0,0,0,Есть балкон,3,Инд,Блочные,Перевалка,1992.0,48.5,2.5,открытый двор,2,0,Современный ремонт,3600.0
3705535,0,0,Пластиковые,есть,0,0,0,0,Есть балкон,2,Инд,Деревянные,Центр,1941.0,47.0,3.2,открытый двор,2,0,Частичный ремонт,1700.0
3581440,0,0,Деревянные,есть,0,0,0,0,Есть балкон,5,1-335,Блочные,Кукковка,1978.0,66.1,2.0,открытый двор,3,0,Косметический ремонт,2900.0
3685063,0,0,Пластиковые,есть,1,0,0,0,Есть балкон,2,Инд,Деревянные,Зарека,1992.0,24.5,2.5,открытый двор,1,0,Косметический ремонт,1500.0
3659257,0,0,Пластиковые,есть,0,0,0,0,Есть балкон,5,Инд,Панельные,Голиковка,1974.0,58.9,2.5,открытый двор,4,0,Косметический ремонт,2950.0
3684803,0,0,Пластиковые,есть,0,0,0,0,Есть балкон,5,Инд,Кирпичные,Центр,1960.0,92.0,3.15,открытый двор,4,0,Косметический ремонт,4800.0
3655749,0,0,Пластиковые,есть,0,0,0,0,Есть балкон,9,Инд,Панельные,Голиковка,2010.0,76.6,2.5,открытый двор,3,0,Косметический ремонт,5500.0
3538819,0,0,Пластиковые,есть,0,0,0,0,Лоджия,5,Инд,Кирпичные,Перевалка,2006.0,63.0,2.5,открытый двор,2,0,Современный ремонт,6000.0
3330093,0,0,Пластиковые,есть,0,0,0,0,Есть балкон,5,Инд,Панельные,Голиковка,1972.0,44.6,2.5,открытый двор,2,0,Косметический ремонт,2700.0
3281194,0,0,Пластиковые,есть,0,0,0,0,Есть балкон,5,Инд,Блочные,Перевалка,2000.0,70.0,2.7,открытый двор,3,0,Косметический ремонт,4300.0
3214863,0,0,Пластиковые,есть,0,0,0,0,Есть балкон,9,75 ,Панельные,Древлянка,1989.0,71.2,2.55,открытый двор,4,0,Косметический ремонт,4250.0
3131575,0,0,Пластиковые,есть,0,0,0,0,Есть балкон,5,Инд,Панельные,Зарека,1974.0,58.8,2.5,открытый двор,3,0,Современный ремонт,2765.0
3322613,0,0,Пластиковые,есть,0,0,0,0,Есть балкон,5,Инд,Кирпичные,Центр,1960.0,99.0,2.5,открытый двор,3,0,Современный ремонт,5650.0
3364621,0,0,Пластиковые,есть,0,0,0,0,Нет балкона,3,Общ,Блочные,Октябрьский,1979.0,15.7,2.5,открытый двор,1,0,Косметический ремонт,500.0
3463041,0,0,Пластиковые,есть,0,0,0,0,Есть балкон,3,75 ,Панельные,Голиковка,1989.0,56.8,2.87,открытый двор,2,0,Требует ремонта,3199.0
3006609,0,0,Пластиковые,есть,0,0,0,0,Есть балкон,5,Инд,Панельные,Кукковка,1975.0,93.0,2.5,открытый двор,4,0,Косметический ремонт,4600.0
3084729,0,0,Деревянные,есть,0,0,0,0,Есть балкон,3,Инд,Кирпичные,Зарека,1953.0,62.1,3.0,открытый двор,2,0,Косметический ремонт,3200.0
3340515,0,0,Пластиковые,есть,0,0,0,0,Есть балкон,2,Инд,Деревянные,Первомайский,1950.0,66.3,2.5,открытый двор,3,0,Косметический ремонт,2500.0
3055522,0,0,Пластиковые,есть,0,0,0,0,Нет балкона,5,Инд,Панельные,Октябрьский,1971.0,75.6,2.5,открытый двор,4,0,Косметический ремонт,4120.0
3213182,0,0,Пластиковые,есть,0,0,0,0,Есть балкон,10,Инд,Панельные,Древлянка,1993.0,71.0,2.5,открытый двор,3,0,Косметический ремонт,4200.0
3475396,0,0,Пластиковые,есть,0,0,0,0,Есть балкон,5,Инд,Панельные,Кукковка,2008.0,71.7,2.65,закрытый двор,3,0,Косметический ремонт,3750.0
3309664,0,0,Пластиковые,есть,0,0,0,0,Есть балкон,9,75 ,Панельные,Перевалка,1989.0,81.0,2.5,открытый двор,4,0,Современный ремонт,4500.0
3311973,0,0,Пластиковые,есть,0,0,0,0,Есть балкон,5,Инд,Кирпичные,Центр,1962.0,45.0,2.55,открытый двор,2,0,Косметический ремонт,2400.0
3328632,0,0,Пластиковые,есть,0,0,0,0,Есть балкон,5,Инд,Блочные,Центр,1962.0,13.1,2.5,открытый двор,1,0,Косметический ремонт,840.0
3402639,0,0,Пластиковые,есть,0,0,0,0,Есть балкон,4,Инд,Кирпичные,Центр,1956.0,94.9,2.5,открытый двор,4,0,Косметический ремонт,5890.0
3361897,0,0,Пластиковые,есть,0,0,0,0,Есть балкон,2,Инд,Деревянные,Зарека,1992.0,60.3,2.55,открытый двор,3,0,Косметический ремонт,2100.0
3387726,0,0,Деревянные,есть,0,1,1,1,Нет балкона,5,Инд,Кирпичные,Центр,1953.0,41.0,2.5,открытый двор,1,0,Требует ремонта,2600.0
3053213,0,0,Пластиковые,есть,0,0,0,0,Нет балкона,5,Инд,Панельные,Кукковка,1992.0,84.0,2.5,открытый двор,4,0,Косметический ремонт,3600.0
2941563,0,0,Пластиковые,есть,0,0,0,0,Есть балкон,5,335-с,Панельные,Кукковка,1979.0,60.0,2.5,открытый двор,3,0,Косметический ремонт,3300.0
3309056,0,0,Пластиковые,есть,0,0,0,0,Есть балкон,4,Инд,Кирпичные,Зарека,1949.0,105.0,2.8,открытый двор,4,0,Косметический ремонт,5400.0
3056681,0,0,Пластиковые,есть,0,0,0,0,Нет балкона,3,Инд,Кирпичные,Зарека,1957.0,63.0,2.5,открытый двор,3,0,Современный ремонт,4500.0
3224819,0,0,Пластиковые,есть,0,0,0,0,Есть балкон,9,75 ,Панельные,Древлянка,1987.0,70.0,2.5,открытый двор,3,0,Требует ремонта,3000.0
5561237,0,0,Пластиковые,есть,0,0,0,0,Есть балкон,5,Инд,Кирпичные,Центр,1963.0,31.1,2.5,открытый двор,1,0,Косметический ремонт,2700.0
5379065,0,0,Пластиковые,есть,0,0,0,0,Есть балкон,3,Инд,Блочные,Сулажгора,2016.0,43.6,2.5,открытый двор,2,0,Косметический ремонт,2990.0
5354600,0,0,Пластиковые,есть,1,0,0,0,Есть балкон,12,Инд,Панельные,Кукковка,2017.0,54.3,2.5,открытый двор,2,0,Косметический ремонт,3960.0
2920647,0,0,Пластиковые,есть,0,0,0,0,Есть балкон,3,Инд,Кирпичные,Ключевая,2016.0,152.2,2.5,открытый двор,3,0,Черновая отделка,6230.0
5215160,0,0,Пластиковые,есть,0,0,0,0,Есть балкон,5,Инд,Панельные,Кукковка,1983.0,36.3,2.5,открытый двор,1,0,Косметический ремонт,2599.0
2846249,0,0,Пластиковые,есть,0,0,0,0,Есть балкон,9,Инд,Блочные,Перевалка,1987.0,53.3,2.8,открытый двор,2,0,Косметический ремонт,2699.0
2920500,0,0,Пластиковые,есть,0,0,0,0,Есть балкон,10,Инд,Кирпичные,Октябрьский,2010.0,39.0,2.5,открытый двор,1,0,Современный ремонт,3000.0
2875738,0,0,Деревянные,есть,0,0,0,0,Есть балкон,9,75 ,Панельные,Кукковка,1986.0,64.5,2.56,открытый двор,3,0,Косметический ремонт,3400.0
2891833,0,0,Пластиковые,есть,0,0,0,0,Есть балкон,9,75 ,Панельные,Кукковка,1985.0,39.8,2.5,открытый двор,1,0,Современный ремонт,2500.0
4671111,0,0,Пластиковые,есть,0,0,0,0,Есть балкон,5,Инд,Панельные,Ключевая,2012.0,36.6,2.5,открытый двор,1,0,Косметический ремонт,2900.0
5193363,0,0,Пластиковые,есть,0,0,0,0,Есть балкон,5,Инд,Кирпичные,Октябрьский,1963.0,30.6,2.5,открытый двор,1,0,Косметический ремонт,2350.0
2836807,0,0,Пластиковые,есть,0,0,0,0,Есть балкон,9,Инд,Панельные,Октябрьский,2014.0,51.0,2.5,открытый двор,1,0,Современный ремонт,4100.0
2584308,0,0,Деревянные,есть,0,0,0,0,Есть балкон,5,Инд,Панельные,Сулажгора,1981.0,59.1,2.5,открытый двор,3,0,Требует ремонта,2800.0
